configure: Configuration created at Thu Mar 26 11:59:09 UTC 2026.
checking for basename... /usr/bin/basename
checking for dirname... /usr/bin/dirname
checking for file... /usr/bin/file
checking for ldd... /usr/bin/ldd
checking for echo... echo [builtin]
checking for tr... /usr/bin/tr
checking for uname... /usr/bin/uname
checking for wc... /usr/bin/wc
checking for grep that handles long lines and -e... /usr/bin/grep
checking for egrep... /usr/bin/grep -E
checking for a sed that does not truncate output... /usr/bin/sed
checking for locale... /usr/bin/locale
checking for cygpath... [not found]
checking for wslpath... [not found]
checking for cmd.exe... [not found]
checking for lsb_release... /usr/bin/lsb_release
checking build system type... x86_64-pc-linux-gnu
checking host system type... x86_64-pc-linux-gnu
checking target system type... x86_64-pc-linux-gnu
checking openjdk-build os-cpu... linux-x86_64
checking openjdk-build C library... gnu
checking openjdk-target os-cpu... linux-x86_64
checking openjdk-target C library... gnu
checking compilation type... native
checking for top-level directory... /home/runner/work/jdk/jdk
checking for bash... /usr/bin/bash
checking for cat... /usr/bin/cat
checking for chmod... /usr/bin/chmod
checking for cp... /usr/bin/cp
checking for cut... /usr/bin/cut
checking for date... /usr/bin/date
checking for gdiff... [not found]
checking for diff... /usr/bin/diff
checking for expr... /usr/bin/expr
checking for find... /usr/bin/find
checking for gunzip... /usr/bin/gunzip
checking for pigz... /usr/bin/pigz
checking for head... /usr/bin/head
checking for ln... /usr/bin/ln
checking for ls... /usr/bin/ls
checking for gmkdir... [not found]
checking for mkdir... /usr/bin/mkdir
checking for mktemp... /usr/bin/mktemp
checking for mv... /usr/bin/mv
checking for gawk... /usr/bin/gawk
checking for printf... printf [builtin]
checking for rm... /usr/bin/rm
checking for rmdir... /usr/bin/rmdir
checking for sh... /usr/bin/sh
checking for sort... /usr/bin/sort
checking for tail... /usr/bin/tail
checking for gtar... [not found]
checking for tar... /usr/bin/tar
checking for tee... /usr/bin/tee
checking for touch... /usr/bin/touch
checking for xargs... /usr/bin/xargs
checking for fgrep... /usr/bin/grep -F
checking for cmake... /usr/local/bin/cmake
checking for df... /usr/bin/df
checking for git... /usr/bin/git
checking for nice... /usr/bin/nice
checking for greadlink... [not found]
checking for readlink... /usr/bin/readlink
checking for whoami... /usr/bin/whoami
checking for cmp... /usr/bin/cmp
checking for uniq... /usr/bin/uniq
configure: CI environment variable set to true
checking for build environment type... ci, default (calculated from 'auto')
checking for locale to use... C.UTF-8 (recommended)
checking if custom source is suppressed (openjdk-only)... disabled, default
checking for --enable-debug... disabled, default
checking which debug level to use... fastdebug
checking which variants of the JVM to build... server
checking if absolute paths should be allowed in the build output... yes, debug build
checking for toolchain path... 
checking for sysroot... 
checking for extra path... 
checking where to store configuration... in default location
checking what configuration name to use... linux-x86_64-server-fastdebug
checking for zypper... [not found]
checking for apt-get... /usr/bin/apt-get
checking for pandoc... [not found]
checking for gmake... /usr/bin/gmake
configure: Testing potential make at /usr/bin/gmake, found using gmake in PATH
configure: Using GNU make at /usr/bin/gmake (version: GNU Make 4.3)
checking if make --output-sync is supported... yes
checking for make --output-sync value... none, default
checking if find supports -delete... yes
checking what type of tar was found... gnu
checking that grep (/usr/bin/grep) -Fx handles empty lines in the pattern list correctly... yes
checking for unzip... /usr/bin/unzip
checking for zip... /usr/bin/zip
checking for greadelf... [not found]
checking for readelf... /usr/bin/readelf
checking for dot... [not found]
checking for stat... /usr/bin/stat
checking for time... time [builtin]
checking for flock... /usr/bin/flock
checking for dtrace... [not found]
checking for gpatch... [not found]
checking for patch... /usr/bin/patch
checking if date is a GNU compatible version... yes
checking for ulimit... ulimit [builtin]
checking bash version... 5.2.21
checking if bash supports pipefail... yes
checking if bash supports errexit (-e)... yes
checking for pkg-config... /usr/bin/pkg-config
checking pkg-config is at least version 0.9.0... yes
checking for default LOG value... 
checking for JMOD compression type... zip-1, default
checking whether or not a JDK suitable for linking from the run-time image should be produced... disabled, default
checking if packaged modules are kept... enabled, default
checking for --with-extra-jlink-flags... <disabled>, default
checking for --with-build-user... runner, default
checking for --with-jdk-rc-name... OpenJDK Platform, default
checking for --with-vendor-name... N/A, default
checking for --with-jdk-rc-company-name... N/A, default
checking for --with-vendor-url... https://openjdk.org/, default
checking for --with-vendor-bug-url... https://bugreport.java.com/bugreport/, default
checking for --with-vendor-vm-bug-url... https://bugreport.java.com/bugreport/crash.jsp, default
checking for --with-version-string... <none>, default
checking for --with-version-feature... 27, default
checking for --with-version-date... 2026-09-15, default
checking for --with-vendor-version-string... <disabled>, default
checking for --with-macosx-bundle-name-base... OpenJDK, default
checking for --with-macosx-bundle-id-base... net.java.openjdk-internal, default
checking for --with-macosx-bundle-build-version... 0, default
checking for version string... 27-internal-adhoc.runner.jdk
configure: Found potential Boot JDK using JAVA_HOME
configure: Potential Boot JDK found at /usr/lib/jvm/temurin-17-jdk-amd64 is incorrect JDK version (openjdk version "17.0.18" 2026-01-20 OpenJDK Runtime Environment Temurin-17.0.18+8 (build 17.0.18+8) OpenJDK 64-Bit Server VM Temurin-17.0.18+8 (build 17.0.18+8, mixed mode, sharing)); ignoring
configure: (Your Boot JDK version must be one of: 25 26 27)
checking for javac... /usr/bin/javac
checking for java... /usr/bin/java
configure: Found potential Boot JDK using java(c) in PATH
configure: Potential Boot JDK found at /usr/lib/jvm/temurin-17-jdk-amd64 is incorrect JDK version (openjdk version "17.0.18" 2026-01-20 OpenJDK Runtime Environment Temurin-17.0.18+8 (build 17.0.18+8) OpenJDK 64-Bit Server VM Temurin-17.0.18+8 (build 17.0.18+8, mixed mode, sharing)); ignoring
configure: (Your Boot JDK version must be one of: 25 26 27)
configure: Found potential Boot JDK using well-known locations (in /usr/lib/jvm/temurin-8-jdk-amd64)
configure: Potential Boot JDK found at /usr/lib/jvm/temurin-8-jdk-amd64 is incorrect JDK version (openjdk version "1.8.0_482" OpenJDK Runtime Environment (Temurin)(build 1.8.0_482-b08) OpenJDK 64-Bit Server VM (Temurin)(build 25.482-b08, mixed mode)); ignoring
configure: (Your Boot JDK version must be one of: 25 26 27)
configure: Found potential Boot JDK using well-known locations (in /usr/lib/jvm/temurin-25-jdk-amd64)
checking for Boot JDK... /usr/lib/jvm/temurin-25-jdk-amd64
checking Boot JDK version... openjdk version "25.0.2" 2026-01-20 LTS OpenJDK Runtime Environment Temurin-25.0.2+10 (build 25.0.2+10-LTS) OpenJDK 64-Bit Server VM Temurin-25.0.2+10 (build 25.0.2+10-LTS, mixed mode, sharing)
checking for java [Boot JDK]... $BOOT_JDK/bin/java
checking for javac [Boot JDK]... $BOOT_JDK/bin/javac
checking for javadoc [Boot JDK]... $BOOT_JDK/bin/javadoc
checking for jar [Boot JDK]... $BOOT_JDK/bin/jar
checking if Boot JDK jar supports --date=TIMESTAMP... true
checking if Boot JDK is 32 or 64 bits... 64
checking for docs-reference JDK... no, using interim javadoc for the docs-reference targets
checking what source date to use... 1774526353, from 'current' (default)
checking if we should build headless-only (no GUI)... disabled, default
checking if linker should clean out unused code (linktime-gc)... disabled, default
checking for graphviz dot... no, cannot generate full docs or man pages
checking for pandoc... no, cannot generate full docs or man pages
checking for --enable-full-docs... disabled, from default 'auto'
checking for cacerts file... default
checking for cacerts source... default
checking for --enable-unlimited-crypto... enabled, default
checking for jni library path... default
configure: Using default toolchain gcc (GNU Compiler Collection)
checking for gcc... /usr/bin/gcc
checking resolved symbolic links for CC... /usr/bin/x86_64-linux-gnu-gcc-13
configure: Using gcc C compiler version 13.3.0 [gcc (Ubuntu 13.3.0-6ubuntu2~24.04.1) 13.3.0]
checking whether the C compiler works... yes
checking for C compiler default output file name... a.out
checking for suffix of executables... 
checking whether we are cross compiling... no
checking for suffix of object files... o
checking whether /usr/bin/gcc accepts -g... yes
checking for g++... /usr/bin/g++
checking resolved symbolic links for CXX... /usr/bin/x86_64-linux-gnu-g++-13
configure: Using gcc C++ compiler version 13.3.0 [g++ (Ubuntu 13.3.0-6ubuntu2~24.04.1) 13.3.0]
checking whether /usr/bin/g++ accepts -g... yes
checking how to run the C preprocessor... /usr/bin/gcc -E
checking how to run the C++ preprocessor... /usr/bin/g++ -E
configure: Using gcc linker version 2.42 [GNU ld (GNU Binutils for Ubuntu) 2.42]
configure: comparing linker version to minimum version 2.25
checking for ar... /usr/bin/ar
checking for strip... /usr/bin/strip
checking for nm... /usr/bin/nm
checking for gobjcopy... [not found]
checking for objcopy... /usr/bin/objcopy
checking for gobjdump... [not found]
checking for objdump... /usr/bin/objdump
checking for c++filt... /usr/bin/c++filt
checking for jtreg... [not found]
checking for jtreg test harness... no, not found
checking for jtreg jdk... no, using BOOT_JDK
checking for jmh (Java Microbenchmark Harness)... no, disabled
checking for jib... no
checking for tidy... [not found]
checking for stdio.h... yes
checking for stdlib.h... yes
checking for string.h... yes
checking for inttypes.h... yes
checking for stdint.h... yes
checking for strings.h... yes
checking for sys/stat.h... yes
checking for sys/types.h... yes
checking for unistd.h... yes
checking for stdio.h... (cached) yes
checking size of int *... 8
checking for target address size... 64 bits
checking whether byte ordering is bigendian... no
checking for --enable-branch-protection... disabled, default
checking for --with-native-debug-symbols-level... <none>, default (calculated from 'auto')
checking for --enable-warnings-as-errors... disabled, from command line
checking if CC supports "-ftrivial-auto-var-init=pattern"... yes
checking if CXX supports "-ftrivial-auto-var-init=pattern"... yes
checking if both CC and CXX support "-ftrivial-auto-var-init=pattern"... yes
checking if TARGET is x86... no
checking if CC supports "-ffp-contract=off"... yes
checking if CXX supports "-ffp-contract=off"... yes
checking if both CC and CXX support "-ffp-contract=off"... yes
checking if BUILD is x86... no
checking if BUILD_CC supports "-ffp-contract=off"... yes
checking if BUILD_CXX supports "-ffp-contract=off"... yes
checking if both BUILD_CC and BUILD_CXX support "-ffp-contract=off"... yes
checking how to run strip... --strip-debug
checking for --enable-aarch64-sve... disabled, from default 'auto'
checking what type of native debug symbols to use... external
checking if we should add external native debug symbols to the shipped bundles... full (default)
checking if native coverage is available... yes
checking for --enable-native-coverage... disabled, default
checking for --with-jcov-modules... <disabled>, default
checking if AddressSanitizer (asan) is available... yes
checking for --enable-asan... disabled, default
checking for --with-additional-ubsan-checks... <disabled>, default
checking if UndefinedBehaviorSanitizer (ubsan) is available... yes
checking for --enable-ubsan... disabled, default
checking if LeakSanitizer (lsan) is available... yes
checking for --enable-lsan... disabled, default
checking if static analyzer is available... yes
checking for --enable-static-analyzer... disabled, default
checking if fallback linker enabled... disabled, default
checking if static link of stdc++ is possible... yes
checking how to link with libstdc++... static
checking for ALSA... no
checking for alsa/asoundlib.h... no
configure: error: Could not find alsa! You might be able to fix this by running 'sudo apt-get install libasound2-dev'.
configure: Configuration created at Thu Mar 26 11:59:36 UTC 2026.
checking for basename... /usr/bin/basename
checking for dirname... /usr/bin/dirname
checking for file... /usr/bin/file
checking for ldd... /usr/bin/ldd
checking for echo... echo [builtin]
checking for tr... /usr/bin/tr
checking for uname... /usr/bin/uname
checking for wc... /usr/bin/wc
checking for grep that handles long lines and -e... /usr/bin/grep
checking for egrep... /usr/bin/grep -E
checking for a sed that does not truncate output... /usr/bin/sed
checking for locale... /usr/bin/locale
checking for cygpath... [not found]
checking for wslpath... [not found]
checking for cmd.exe... [not found]
checking for lsb_release... /usr/bin/lsb_release
checking build system type... x86_64-pc-linux-gnu
checking host system type... x86_64-pc-linux-gnu
checking target system type... x86_64-pc-linux-gnu
checking openjdk-build os-cpu... linux-x86_64
checking openjdk-build C library... gnu
checking openjdk-target os-cpu... linux-x86_64
checking openjdk-target C library... gnu
checking compilation type... native
checking for top-level directory... /home/runner/work/jdk/jdk
checking for bash... /usr/bin/bash
checking for cat... /usr/bin/cat
checking for chmod... /usr/bin/chmod
checking for cp... /usr/bin/cp
checking for cut... /usr/bin/cut
checking for date... /usr/bin/date
checking for gdiff... [not found]
checking for diff... /usr/bin/diff
checking for expr... /usr/bin/expr
checking for find... /usr/bin/find
checking for gunzip... /usr/bin/gunzip
checking for pigz... /usr/bin/pigz
checking for head... /usr/bin/head
checking for ln... /usr/bin/ln
checking for ls... /usr/bin/ls
checking for gmkdir... [not found]
checking for mkdir... /usr/bin/mkdir
checking for mktemp... /usr/bin/mktemp
checking for mv... /usr/bin/mv
checking for gawk... /usr/bin/gawk
checking for printf... printf [builtin]
checking for rm... /usr/bin/rm
checking for rmdir... /usr/bin/rmdir
checking for sh... /usr/bin/sh
checking for sort... /usr/bin/sort
checking for tail... /usr/bin/tail
checking for gtar... [not found]
checking for tar... /usr/bin/tar
checking for tee... /usr/bin/tee
checking for touch... /usr/bin/touch
checking for xargs... /usr/bin/xargs
checking for fgrep... /usr/bin/grep -F
checking for cmake... /usr/local/bin/cmake
checking for df... /usr/bin/df
checking for git... /usr/bin/git
checking for nice... /usr/bin/nice
checking for greadlink... [not found]
checking for readlink... /usr/bin/readlink
checking for whoami... /usr/bin/whoami
checking for cmp... /usr/bin/cmp
checking for uniq... /usr/bin/uniq
configure: CI environment variable set to true
checking for build environment type... ci, default (calculated from 'auto')
checking for locale to use... C.UTF-8 (recommended)
checking if custom source is suppressed (openjdk-only)... disabled, default
checking for --enable-debug... disabled, default
checking which debug level to use... fastdebug
checking which variants of the JVM to build... server
checking if absolute paths should be allowed in the build output... yes, debug build
checking for toolchain path... 
checking for sysroot... 
checking for extra path... 
checking where to store configuration... in default location
checking what configuration name to use... linux-x86_64-server-fastdebug
checking for zypper... [not found]
checking for apt-get... /usr/bin/apt-get
checking for pandoc... [not found]
checking for gmake... /usr/bin/gmake
configure: Testing potential make at /usr/bin/gmake, found using gmake in PATH
configure: Using GNU make at /usr/bin/gmake (version: GNU Make 4.3)
checking if make --output-sync is supported... yes
checking for make --output-sync value... none, default
checking if find supports -delete... yes
checking what type of tar was found... gnu
checking that grep (/usr/bin/grep) -Fx handles empty lines in the pattern list correctly... yes
checking for unzip... /usr/bin/unzip
checking for zip... /usr/bin/zip
checking for greadelf... [not found]
checking for readelf... /usr/bin/readelf
checking for dot... [not found]
checking for stat... /usr/bin/stat
checking for time... time [builtin]
checking for flock... /usr/bin/flock
checking for dtrace... [not found]
checking for gpatch... [not found]
checking for patch... /usr/bin/patch
checking if date is a GNU compatible version... yes
checking for ulimit... ulimit [builtin]
checking bash version... 5.2.21
checking if bash supports pipefail... yes
checking if bash supports errexit (-e)... yes
checking for pkg-config... /usr/bin/pkg-config
checking pkg-config is at least version 0.9.0... yes
checking for default LOG value... 
checking for JMOD compression type... zip-1, default
checking whether or not a JDK suitable for linking from the run-time image should be produced... disabled, default
checking if packaged modules are kept... enabled, default
checking for --with-extra-jlink-flags... <disabled>, default
checking for --with-build-user... runner, default
checking for --with-jdk-rc-name... OpenJDK Platform, default
checking for --with-vendor-name... N/A, default
checking for --with-jdk-rc-company-name... N/A, default
checking for --with-vendor-url... https://openjdk.org/, default
checking for --with-vendor-bug-url... https://bugreport.java.com/bugreport/, default
checking for --with-vendor-vm-bug-url... https://bugreport.java.com/bugreport/crash.jsp, default
checking for --with-version-string... <none>, default
checking for --with-version-feature... 27, default
checking for --with-version-date... 2026-09-15, default
checking for --with-vendor-version-string... <disabled>, default
checking for --with-macosx-bundle-name-base... OpenJDK, default
checking for --with-macosx-bundle-id-base... net.java.openjdk-internal, default
checking for --with-macosx-bundle-build-version... 0, default
checking for version string... 27-internal-adhoc.runner.jdk
configure: Found potential Boot JDK using JAVA_HOME
configure: Potential Boot JDK found at /usr/lib/jvm/temurin-17-jdk-amd64 is incorrect JDK version (openjdk version "17.0.18" 2026-01-20 OpenJDK Runtime Environment Temurin-17.0.18+8 (build 17.0.18+8) OpenJDK 64-Bit Server VM Temurin-17.0.18+8 (build 17.0.18+8, mixed mode, sharing)); ignoring
configure: (Your Boot JDK version must be one of: 25 26 27)
checking for javac... /usr/bin/javac
checking for java... /usr/bin/java
configure: Found potential Boot JDK using java(c) in PATH
configure: Potential Boot JDK found at /usr/lib/jvm/temurin-17-jdk-amd64 is incorrect JDK version (openjdk version "17.0.18" 2026-01-20 OpenJDK Runtime Environment Temurin-17.0.18+8 (build 17.0.18+8) OpenJDK 64-Bit Server VM Temurin-17.0.18+8 (build 17.0.18+8, mixed mode, sharing)); ignoring
configure: (Your Boot JDK version must be one of: 25 26 27)
configure: Found potential Boot JDK using well-known locations (in /usr/lib/jvm/temurin-8-jdk-amd64)
configure: Potential Boot JDK found at /usr/lib/jvm/temurin-8-jdk-amd64 is incorrect JDK version (openjdk version "1.8.0_482" OpenJDK Runtime Environment (Temurin)(build 1.8.0_482-b08) OpenJDK 64-Bit Server VM (Temurin)(build 25.482-b08, mixed mode)); ignoring
configure: (Your Boot JDK version must be one of: 25 26 27)
configure: Found potential Boot JDK using well-known locations (in /usr/lib/jvm/temurin-25-jdk-amd64)
checking for Boot JDK... /usr/lib/jvm/temurin-25-jdk-amd64
checking Boot JDK version... openjdk version "25.0.2" 2026-01-20 LTS OpenJDK Runtime Environment Temurin-25.0.2+10 (build 25.0.2+10-LTS) OpenJDK 64-Bit Server VM Temurin-25.0.2+10 (build 25.0.2+10-LTS, mixed mode, sharing)
checking for java [Boot JDK]... $BOOT_JDK/bin/java
checking for javac [Boot JDK]... $BOOT_JDK/bin/javac
checking for javadoc [Boot JDK]... $BOOT_JDK/bin/javadoc
checking for jar [Boot JDK]... $BOOT_JDK/bin/jar
checking if Boot JDK jar supports --date=TIMESTAMP... true
checking if Boot JDK is 32 or 64 bits... 64
checking for docs-reference JDK... no, using interim javadoc for the docs-reference targets
checking what source date to use... 1774526377, from 'current' (default)
checking if we should build headless-only (no GUI)... disabled, default
checking if linker should clean out unused code (linktime-gc)... disabled, default
checking for graphviz dot... no, cannot generate full docs or man pages
checking for pandoc... no, cannot generate full docs or man pages
checking for --enable-full-docs... disabled, from default 'auto'
checking for cacerts file... default
checking for cacerts source... default
checking for --enable-unlimited-crypto... enabled, default
checking for jni library path... default
configure: Using default toolchain gcc (GNU Compiler Collection)
checking for gcc... /usr/bin/gcc
checking resolved symbolic links for CC... /usr/bin/x86_64-linux-gnu-gcc-13
configure: Using gcc C compiler version 13.3.0 [gcc (Ubuntu 13.3.0-6ubuntu2~24.04.1) 13.3.0]
checking whether the C compiler works... yes
checking for C compiler default output file name... a.out
checking for suffix of executables... 
checking whether we are cross compiling... no
checking for suffix of object files... o
checking whether /usr/bin/gcc accepts -g... yes
checking for g++... /usr/bin/g++
checking resolved symbolic links for CXX... /usr/bin/x86_64-linux-gnu-g++-13
configure: Using gcc C++ compiler version 13.3.0 [g++ (Ubuntu 13.3.0-6ubuntu2~24.04.1) 13.3.0]
checking whether /usr/bin/g++ accepts -g... yes
checking how to run the C preprocessor... /usr/bin/gcc -E
checking how to run the C++ preprocessor... /usr/bin/g++ -E
configure: Using gcc linker version 2.42 [GNU ld (GNU Binutils for Ubuntu) 2.42]
configure: comparing linker version to minimum version 2.25
checking for ar... /usr/bin/ar
checking for strip... /usr/bin/strip
checking for nm... /usr/bin/nm
checking for gobjcopy... [not found]
checking for objcopy... /usr/bin/objcopy
checking for gobjdump... [not found]
checking for objdump... /usr/bin/objdump
checking for c++filt... /usr/bin/c++filt
checking for jtreg... [not found]
checking for jtreg test harness... no, not found
checking for jtreg jdk... no, using BOOT_JDK
checking for jmh (Java Microbenchmark Harness)... no, disabled
checking for jib... no
checking for tidy... [not found]
checking for stdio.h... yes
checking for stdlib.h... yes
checking for string.h... yes
checking for inttypes.h... yes
checking for stdint.h... yes
checking for strings.h... yes
checking for sys/stat.h... yes
checking for sys/types.h... yes
checking for unistd.h... yes
checking for stdio.h... (cached) yes
checking size of int *... 8
checking for target address size... 64 bits
checking whether byte ordering is bigendian... no
checking for --enable-branch-protection... disabled, default
checking for --with-native-debug-symbols-level... <none>, default (calculated from 'auto')
checking for --enable-warnings-as-errors... disabled, from command line
checking if CC supports "-ftrivial-auto-var-init=pattern"... yes
checking if CXX supports "-ftrivial-auto-var-init=pattern"... yes
checking if both CC and CXX support "-ftrivial-auto-var-init=pattern"... yes
checking if TARGET is x86... no
checking if CC supports "-ffp-contract=off"... yes
checking if CXX supports "-ffp-contract=off"... yes
checking if both CC and CXX support "-ffp-contract=off"... yes
checking if BUILD is x86... no
checking if BUILD_CC supports "-ffp-contract=off"... yes
checking if BUILD_CXX supports "-ffp-contract=off"... yes
checking if both BUILD_CC and BUILD_CXX support "-ffp-contract=off"... yes
checking how to run strip... --strip-debug
checking for --enable-aarch64-sve... disabled, from default 'auto'
checking what type of native debug symbols to use... external
checking if we should add external native debug symbols to the shipped bundles... full (default)
checking if native coverage is available... yes
checking for --enable-native-coverage... disabled, default
checking for --with-jcov-modules... <disabled>, default
checking if AddressSanitizer (asan) is available... yes
checking for --enable-asan... disabled, default
checking for --with-additional-ubsan-checks... <disabled>, default
checking if UndefinedBehaviorSanitizer (ubsan) is available... yes
checking for --enable-ubsan... disabled, default
checking if LeakSanitizer (lsan) is available... yes
checking for --enable-lsan... disabled, default
checking if static analyzer is available... yes
checking for --enable-static-analyzer... disabled, default
checking if fallback linker enabled... disabled, default
checking if static link of stdc++ is possible... yes
checking how to link with libstdc++... static
checking for ALSA... yes
checking for which libjpeg to use... bundled
checking for which giflib to use... bundled
checking for PNG... yes
checking for which libpng to use... bundled
checking for compress in -lz... yes
checking for which zlib to use... system
checking for system zlib functionality... ok
checking for which lcms to use... bundled
checking for which harfbuzz to use... bundled
checking for cups/cups.h... no
checking for cups/ppd.h... no
configure: error: Could not find cups! You might be able to fix this by running 'sudo apt-get install libcups2-dev'. 
configure: Configuration created at Thu Mar 26 11:59:51 UTC 2026.
checking for basename... /usr/bin/basename
checking for dirname... /usr/bin/dirname
checking for file... /usr/bin/file
checking for ldd... /usr/bin/ldd
checking for echo... echo [builtin]
checking for tr... /usr/bin/tr
checking for uname... /usr/bin/uname
checking for wc... /usr/bin/wc
checking for grep that handles long lines and -e... /usr/bin/grep
checking for egrep... /usr/bin/grep -E
checking for a sed that does not truncate output... /usr/bin/sed
checking for locale... /usr/bin/locale
checking for cygpath... [not found]
checking for wslpath... [not found]
checking for cmd.exe... [not found]
checking for lsb_release... /usr/bin/lsb_release
checking build system type... x86_64-pc-linux-gnu
checking host system type... x86_64-pc-linux-gnu
checking target system type... x86_64-pc-linux-gnu
checking openjdk-build os-cpu... linux-x86_64
checking openjdk-build C library... gnu
checking openjdk-target os-cpu... linux-x86_64
checking openjdk-target C library... gnu
checking compilation type... native
checking for top-level directory... /home/runner/work/jdk/jdk
checking for bash... /usr/bin/bash
checking for cat... /usr/bin/cat
checking for chmod... /usr/bin/chmod
checking for cp... /usr/bin/cp
checking for cut... /usr/bin/cut
checking for date... /usr/bin/date
checking for gdiff... [not found]
checking for diff... /usr/bin/diff
checking for expr... /usr/bin/expr
checking for find... /usr/bin/find
checking for gunzip... /usr/bin/gunzip
checking for pigz... /usr/bin/pigz
checking for head... /usr/bin/head
checking for ln... /usr/bin/ln
checking for ls... /usr/bin/ls
checking for gmkdir... [not found]
checking for mkdir... /usr/bin/mkdir
checking for mktemp... /usr/bin/mktemp
checking for mv... /usr/bin/mv
checking for gawk... /usr/bin/gawk
checking for printf... printf [builtin]
checking for rm... /usr/bin/rm
checking for rmdir... /usr/bin/rmdir
checking for sh... /usr/bin/sh
checking for sort... /usr/bin/sort
checking for tail... /usr/bin/tail
checking for gtar... [not found]
checking for tar... /usr/bin/tar
checking for tee... /usr/bin/tee
checking for touch... /usr/bin/touch
checking for xargs... /usr/bin/xargs
checking for fgrep... /usr/bin/grep -F
checking for cmake... /usr/local/bin/cmake
checking for df... /usr/bin/df
checking for git... /usr/bin/git
checking for nice... /usr/bin/nice
checking for greadlink... [not found]
checking for readlink... /usr/bin/readlink
checking for whoami... /usr/bin/whoami
checking for cmp... /usr/bin/cmp
checking for uniq... /usr/bin/uniq
configure: CI environment variable set to true
checking for build environment type... ci, default (calculated from 'auto')
checking for locale to use... C.UTF-8 (recommended)
checking if custom source is suppressed (openjdk-only)... disabled, default
checking for --enable-debug... disabled, default
checking which debug level to use... fastdebug
checking which variants of the JVM to build... server
checking if absolute paths should be allowed in the build output... yes, debug build
checking for toolchain path... 
checking for sysroot... 
checking for extra path... 
checking where to store configuration... in default location
checking what configuration name to use... linux-x86_64-server-fastdebug
checking for zypper... [not found]
checking for apt-get... /usr/bin/apt-get
checking for pandoc... [not found]
checking for gmake... /usr/bin/gmake
configure: Testing potential make at /usr/bin/gmake, found using gmake in PATH
configure: Using GNU make at /usr/bin/gmake (version: GNU Make 4.3)
checking if make --output-sync is supported... yes
checking for make --output-sync value... none, default
checking if find supports -delete... yes
checking what type of tar was found... gnu
checking that grep (/usr/bin/grep) -Fx handles empty lines in the pattern list correctly... yes
checking for unzip... /usr/bin/unzip
checking for zip... /usr/bin/zip
checking for greadelf... [not found]
checking for readelf... /usr/bin/readelf
checking for dot... [not found]
checking for stat... /usr/bin/stat
checking for time... time [builtin]
checking for flock... /usr/bin/flock
checking for dtrace... [not found]
checking for gpatch... [not found]
checking for patch... /usr/bin/patch
checking if date is a GNU compatible version... yes
checking for ulimit... ulimit [builtin]
checking bash version... 5.2.21
checking if bash supports pipefail... yes
checking if bash supports errexit (-e)... yes
checking for pkg-config... /usr/bin/pkg-config
checking pkg-config is at least version 0.9.0... yes
checking for default LOG value... 
checking for JMOD compression type... zip-1, default
checking whether or not a JDK suitable for linking from the run-time image should be produced... disabled, default
checking if packaged modules are kept... enabled, default
checking for --with-extra-jlink-flags... <disabled>, default
checking for --with-build-user... runner, default
checking for --with-jdk-rc-name... OpenJDK Platform, default
checking for --with-vendor-name... N/A, default
checking for --with-jdk-rc-company-name... N/A, default
checking for --with-vendor-url... https://openjdk.org/, default
checking for --with-vendor-bug-url... https://bugreport.java.com/bugreport/, default
checking for --with-vendor-vm-bug-url... https://bugreport.java.com/bugreport/crash.jsp, default
checking for --with-version-string... <none>, default
checking for --with-version-feature... 27, default
checking for --with-version-date... 2026-09-15, default
checking for --with-vendor-version-string... <disabled>, default
checking for --with-macosx-bundle-name-base... OpenJDK, default
checking for --with-macosx-bundle-id-base... net.java.openjdk-internal, default
checking for --with-macosx-bundle-build-version... 0, default
checking for version string... 27-internal-adhoc.runner.jdk
configure: Found potential Boot JDK using JAVA_HOME
configure: Potential Boot JDK found at /usr/lib/jvm/temurin-17-jdk-amd64 is incorrect JDK version (openjdk version "17.0.18" 2026-01-20 OpenJDK Runtime Environment Temurin-17.0.18+8 (build 17.0.18+8) OpenJDK 64-Bit Server VM Temurin-17.0.18+8 (build 17.0.18+8, mixed mode, sharing)); ignoring
configure: (Your Boot JDK version must be one of: 25 26 27)
checking for javac... /usr/bin/javac
checking for java... /usr/bin/java
configure: Found potential Boot JDK using java(c) in PATH
configure: Potential Boot JDK found at /usr/lib/jvm/temurin-17-jdk-amd64 is incorrect JDK version (openjdk version "17.0.18" 2026-01-20 OpenJDK Runtime Environment Temurin-17.0.18+8 (build 17.0.18+8) OpenJDK 64-Bit Server VM Temurin-17.0.18+8 (build 17.0.18+8, mixed mode, sharing)); ignoring
configure: (Your Boot JDK version must be one of: 25 26 27)
configure: Found potential Boot JDK using well-known locations (in /usr/lib/jvm/temurin-8-jdk-amd64)
configure: Potential Boot JDK found at /usr/lib/jvm/temurin-8-jdk-amd64 is incorrect JDK version (openjdk version "1.8.0_482" OpenJDK Runtime Environment (Temurin)(build 1.8.0_482-b08) OpenJDK 64-Bit Server VM (Temurin)(build 25.482-b08, mixed mode)); ignoring
configure: (Your Boot JDK version must be one of: 25 26 27)
configure: Found potential Boot JDK using well-known locations (in /usr/lib/jvm/temurin-25-jdk-amd64)
checking for Boot JDK... /usr/lib/jvm/temurin-25-jdk-amd64
checking Boot JDK version... openjdk version "25.0.2" 2026-01-20 LTS OpenJDK Runtime Environment Temurin-25.0.2+10 (build 25.0.2+10-LTS) OpenJDK 64-Bit Server VM Temurin-25.0.2+10 (build 25.0.2+10-LTS, mixed mode, sharing)
checking for java [Boot JDK]... $BOOT_JDK/bin/java
checking for javac [Boot JDK]... $BOOT_JDK/bin/javac
checking for javadoc [Boot JDK]... $BOOT_JDK/bin/javadoc
checking for jar [Boot JDK]... $BOOT_JDK/bin/jar
checking if Boot JDK jar supports --date=TIMESTAMP... true
checking if Boot JDK is 32 or 64 bits... 64
checking for docs-reference JDK... no, using interim javadoc for the docs-reference targets
checking what source date to use... 1774526392, from 'current' (default)
checking if we should build headless-only (no GUI)... disabled, default
checking if linker should clean out unused code (linktime-gc)... disabled, default
checking for graphviz dot... no, cannot generate full docs or man pages
checking for pandoc... no, cannot generate full docs or man pages
checking for --enable-full-docs... disabled, from default 'auto'
checking for cacerts file... default
checking for cacerts source... default
checking for --enable-unlimited-crypto... enabled, default
checking for jni library path... default
configure: Using default toolchain gcc (GNU Compiler Collection)
checking for gcc... /usr/bin/gcc
checking resolved symbolic links for CC... /usr/bin/x86_64-linux-gnu-gcc-13
configure: Using gcc C compiler version 13.3.0 [gcc (Ubuntu 13.3.0-6ubuntu2~24.04.1) 13.3.0]
checking whether the C compiler works... yes
checking for C compiler default output file name... a.out
checking for suffix of executables... 
checking whether we are cross compiling... no
checking for suffix of object files... o
checking whether /usr/bin/gcc accepts -g... yes
checking for g++... /usr/bin/g++
checking resolved symbolic links for CXX... /usr/bin/x86_64-linux-gnu-g++-13
configure: Using gcc C++ compiler version 13.3.0 [g++ (Ubuntu 13.3.0-6ubuntu2~24.04.1) 13.3.0]
checking whether /usr/bin/g++ accepts -g... yes
checking how to run the C preprocessor... /usr/bin/gcc -E
checking how to run the C++ preprocessor... /usr/bin/g++ -E
configure: Using gcc linker version 2.42 [GNU ld (GNU Binutils for Ubuntu) 2.42]
configure: comparing linker version to minimum version 2.25
checking for ar... /usr/bin/ar
checking for strip... /usr/bin/strip
checking for nm... /usr/bin/nm
checking for gobjcopy... [not found]
checking for objcopy... /usr/bin/objcopy
checking for gobjdump... [not found]
checking for objdump... /usr/bin/objdump
checking for c++filt... /usr/bin/c++filt
checking for jtreg... [not found]
checking for jtreg test harness... no, not found
checking for jtreg jdk... no, using BOOT_JDK
checking for jmh (Java Microbenchmark Harness)... no, disabled
checking for jib... no
checking for tidy... [not found]
checking for stdio.h... yes
checking for stdlib.h... yes
checking for string.h... yes
checking for inttypes.h... yes
checking for stdint.h... yes
checking for strings.h... yes
checking for sys/stat.h... yes
checking for sys/types.h... yes
checking for unistd.h... yes
checking for stdio.h... (cached) yes
checking size of int *... 8
checking for target address size... 64 bits
checking whether byte ordering is bigendian... no
checking for --enable-branch-protection... disabled, default
checking for --with-native-debug-symbols-level... <none>, default (calculated from 'auto')
checking for --enable-warnings-as-errors... disabled, from command line
checking if CC supports "-ftrivial-auto-var-init=pattern"... yes
checking if CXX supports "-ftrivial-auto-var-init=pattern"... yes
checking if both CC and CXX support "-ftrivial-auto-var-init=pattern"... yes
checking if TARGET is x86... no
checking if CC supports "-ffp-contract=off"... yes
checking if CXX supports "-ffp-contract=off"... yes
checking if both CC and CXX support "-ffp-contract=off"... yes
checking if BUILD is x86... no
checking if BUILD_CC supports "-ffp-contract=off"... yes
checking if BUILD_CXX supports "-ffp-contract=off"... yes
checking if both BUILD_CC and BUILD_CXX support "-ffp-contract=off"... yes
checking how to run strip... --strip-debug
checking for --enable-aarch64-sve... disabled, from default 'auto'
checking what type of native debug symbols to use... external
checking if we should add external native debug symbols to the shipped bundles... full (default)
checking if native coverage is available... yes
checking for --enable-native-coverage... disabled, default
checking for --with-jcov-modules... <disabled>, default
checking if AddressSanitizer (asan) is available... yes
checking for --enable-asan... disabled, default
checking for --with-additional-ubsan-checks... <disabled>, default
checking if UndefinedBehaviorSanitizer (ubsan) is available... yes
checking for --enable-ubsan... disabled, default
checking if LeakSanitizer (lsan) is available... yes
checking for --enable-lsan... disabled, default
checking if static analyzer is available... yes
checking for --enable-static-analyzer... disabled, default
checking if fallback linker enabled... disabled, default
checking if static link of stdc++ is possible... yes
checking how to link with libstdc++... static
checking for ALSA... yes
checking for which libjpeg to use... bundled
checking for which giflib to use... bundled
checking for PNG... yes
checking for which libpng to use... bundled
checking for compress in -lz... yes
checking for which zlib to use... system
checking for system zlib functionality... ok
checking for which lcms to use... bundled
checking for which harfbuzz to use... bundled
checking for cups/cups.h... no
checking for cups/ppd.h... no
configure: error: Could not find cups! You might be able to fix this by running 'sudo apt-get install libcups2-dev'. 
configure: Configuration created at Thu Mar 26 12:00:55 UTC 2026.
checking for basename... /usr/bin/basename
checking for dirname... /usr/bin/dirname
checking for file... /usr/bin/file
checking for ldd... /usr/bin/ldd
checking for echo... echo [builtin]
checking for tr... /usr/bin/tr
checking for uname... /usr/bin/uname
checking for wc... /usr/bin/wc
checking for grep that handles long lines and -e... /usr/bin/grep
checking for egrep... /usr/bin/grep -E
checking for a sed that does not truncate output... /usr/bin/sed
checking for locale... /usr/bin/locale
checking for cygpath... [not found]
checking for wslpath... [not found]
checking for cmd.exe... [not found]
checking for lsb_release... /usr/bin/lsb_release
checking build system type... x86_64-pc-linux-gnu
checking host system type... x86_64-pc-linux-gnu
checking target system type... x86_64-pc-linux-gnu
checking openjdk-build os-cpu... linux-x86_64
checking openjdk-build C library... gnu
checking openjdk-target os-cpu... linux-x86_64
checking openjdk-target C library... gnu
checking compilation type... native
checking for top-level directory... /home/runner/work/jdk/jdk
checking for bash... /usr/bin/bash
checking for cat... /usr/bin/cat
checking for chmod... /usr/bin/chmod
checking for cp... /usr/bin/cp
checking for cut... /usr/bin/cut
checking for date... /usr/bin/date
checking for gdiff... [not found]
checking for diff... /usr/bin/diff
checking for expr... /usr/bin/expr
checking for find... /usr/bin/find
checking for gunzip... /usr/bin/gunzip
checking for pigz... /usr/bin/pigz
checking for head... /usr/bin/head
checking for ln... /usr/bin/ln
checking for ls... /usr/bin/ls
checking for gmkdir... [not found]
checking for mkdir... /usr/bin/mkdir
checking for mktemp... /usr/bin/mktemp
checking for mv... /usr/bin/mv
checking for gawk... /usr/bin/gawk
checking for printf... printf [builtin]
checking for rm... /usr/bin/rm
checking for rmdir... /usr/bin/rmdir
checking for sh... /usr/bin/sh
checking for sort... /usr/bin/sort
checking for tail... /usr/bin/tail
checking for gtar... [not found]
checking for tar... /usr/bin/tar
checking for tee... /usr/bin/tee
checking for touch... /usr/bin/touch
checking for xargs... /usr/bin/xargs
checking for fgrep... /usr/bin/grep -F
checking for cmake... /usr/local/bin/cmake
checking for df... /usr/bin/df
checking for git... /usr/bin/git
checking for nice... /usr/bin/nice
checking for greadlink... [not found]
checking for readlink... /usr/bin/readlink
checking for whoami... /usr/bin/whoami
checking for cmp... /usr/bin/cmp
checking for uniq... /usr/bin/uniq
configure: CI environment variable set to true
checking for build environment type... ci, default (calculated from 'auto')
checking for locale to use... C.UTF-8 (recommended)
checking if custom source is suppressed (openjdk-only)... disabled, default
checking for --enable-debug... disabled, default
checking which debug level to use... fastdebug
checking which variants of the JVM to build... server
checking if absolute paths should be allowed in the build output... yes, debug build
checking for toolchain path... 
checking for sysroot... 
checking for extra path... 
checking where to store configuration... in default location
checking what configuration name to use... linux-x86_64-server-fastdebug
checking for zypper... [not found]
checking for apt-get... /usr/bin/apt-get
checking for pandoc... [not found]
checking for gmake... /usr/bin/gmake
configure: Testing potential make at /usr/bin/gmake, found using gmake in PATH
configure: Using GNU make at /usr/bin/gmake (version: GNU Make 4.3)
checking if make --output-sync is supported... yes
checking for make --output-sync value... none, default
checking if find supports -delete... yes
checking what type of tar was found... gnu
checking that grep (/usr/bin/grep) -Fx handles empty lines in the pattern list correctly... yes
checking for unzip... /usr/bin/unzip
checking for zip... /usr/bin/zip
checking for greadelf... [not found]
checking for readelf... /usr/bin/readelf
checking for dot... [not found]
checking for stat... /usr/bin/stat
checking for time... time [builtin]
checking for flock... /usr/bin/flock
checking for dtrace... [not found]
checking for gpatch... [not found]
checking for patch... /usr/bin/patch
checking if date is a GNU compatible version... yes
checking for ulimit... ulimit [builtin]
checking bash version... 5.2.21
checking if bash supports pipefail... yes
checking if bash supports errexit (-e)... yes
checking for pkg-config... /usr/bin/pkg-config
checking pkg-config is at least version 0.9.0... yes
checking for default LOG value... 
checking for JMOD compression type... zip-1, default
checking whether or not a JDK suitable for linking from the run-time image should be produced... disabled, default
checking if packaged modules are kept... enabled, default
checking for --with-extra-jlink-flags... <disabled>, default
checking for --with-build-user... runner, default
checking for --with-jdk-rc-name... OpenJDK Platform, default
checking for --with-vendor-name... N/A, default
checking for --with-jdk-rc-company-name... N/A, default
checking for --with-vendor-url... https://openjdk.org/, default
checking for --with-vendor-bug-url... https://bugreport.java.com/bugreport/, default
checking for --with-vendor-vm-bug-url... https://bugreport.java.com/bugreport/crash.jsp, default
checking for --with-version-string... <none>, default
checking for --with-version-feature... 27, default
checking for --with-version-date... 2026-09-15, default
checking for --with-vendor-version-string... <disabled>, default
checking for --with-macosx-bundle-name-base... OpenJDK, default
checking for --with-macosx-bundle-id-base... net.java.openjdk-internal, default
checking for --with-macosx-bundle-build-version... 0, default
checking for version string... 27-internal-adhoc.runner.jdk
configure: Found potential Boot JDK using JAVA_HOME
configure: Potential Boot JDK found at /usr/lib/jvm/temurin-17-jdk-amd64 is incorrect JDK version (openjdk version "17.0.18" 2026-01-20 OpenJDK Runtime Environment Temurin-17.0.18+8 (build 17.0.18+8) OpenJDK 64-Bit Server VM Temurin-17.0.18+8 (build 17.0.18+8, mixed mode, sharing)); ignoring
configure: (Your Boot JDK version must be one of: 25 26 27)
checking for javac... /usr/bin/javac
checking for java... /usr/bin/java
configure: Found potential Boot JDK using java(c) in PATH
configure: Potential Boot JDK found at /usr/lib/jvm/temurin-17-jdk-amd64 is incorrect JDK version (openjdk version "17.0.18" 2026-01-20 OpenJDK Runtime Environment Temurin-17.0.18+8 (build 17.0.18+8) OpenJDK 64-Bit Server VM Temurin-17.0.18+8 (build 17.0.18+8, mixed mode, sharing)); ignoring
configure: (Your Boot JDK version must be one of: 25 26 27)
configure: Found potential Boot JDK using well-known locations (in /usr/lib/jvm/temurin-8-jdk-amd64)
configure: Potential Boot JDK found at /usr/lib/jvm/temurin-8-jdk-amd64 is incorrect JDK version (openjdk version "1.8.0_482" OpenJDK Runtime Environment (Temurin)(build 1.8.0_482-b08) OpenJDK 64-Bit Server VM (Temurin)(build 25.482-b08, mixed mode)); ignoring
configure: (Your Boot JDK version must be one of: 25 26 27)
configure: Found potential Boot JDK using well-known locations (in /usr/lib/jvm/temurin-25-jdk-amd64)
checking for Boot JDK... /usr/lib/jvm/temurin-25-jdk-amd64
checking Boot JDK version... openjdk version "25.0.2" 2026-01-20 LTS OpenJDK Runtime Environment Temurin-25.0.2+10 (build 25.0.2+10-LTS) OpenJDK 64-Bit Server VM Temurin-25.0.2+10 (build 25.0.2+10-LTS, mixed mode, sharing)
checking for java [Boot JDK]... $BOOT_JDK/bin/java
checking for javac [Boot JDK]... $BOOT_JDK/bin/javac
checking for javadoc [Boot JDK]... $BOOT_JDK/bin/javadoc
checking for jar [Boot JDK]... $BOOT_JDK/bin/jar
checking if Boot JDK jar supports --date=TIMESTAMP... true
checking if Boot JDK is 32 or 64 bits... 64
checking for docs-reference JDK... no, using interim javadoc for the docs-reference targets
checking what source date to use... 1774526456, from 'current' (default)
checking if we should build headless-only (no GUI)... disabled, default
checking if linker should clean out unused code (linktime-gc)... disabled, default
checking for graphviz dot... no, cannot generate full docs or man pages
checking for pandoc... no, cannot generate full docs or man pages
checking for --enable-full-docs... disabled, from default 'auto'
checking for cacerts file... default
checking for cacerts source... default
checking for --enable-unlimited-crypto... enabled, default
checking for jni library path... default
configure: Using default toolchain gcc (GNU Compiler Collection)
checking for gcc... /usr/bin/gcc
checking resolved symbolic links for CC... /usr/bin/x86_64-linux-gnu-gcc-13
configure: Using gcc C compiler version 13.3.0 [gcc (Ubuntu 13.3.0-6ubuntu2~24.04.1) 13.3.0]
checking whether the C compiler works... yes
checking for C compiler default output file name... a.out
checking for suffix of executables... 
checking whether we are cross compiling... no
checking for suffix of object files... o
checking whether /usr/bin/gcc accepts -g... yes
checking for g++... /usr/bin/g++
checking resolved symbolic links for CXX... /usr/bin/x86_64-linux-gnu-g++-13
configure: Using gcc C++ compiler version 13.3.0 [g++ (Ubuntu 13.3.0-6ubuntu2~24.04.1) 13.3.0]
checking whether /usr/bin/g++ accepts -g... yes
checking how to run the C preprocessor... /usr/bin/gcc -E
checking how to run the C++ preprocessor... /usr/bin/g++ -E
configure: Using gcc linker version 2.42 [GNU ld (GNU Binutils for Ubuntu) 2.42]
configure: comparing linker version to minimum version 2.25
checking for ar... /usr/bin/ar
checking for strip... /usr/bin/strip
checking for nm... /usr/bin/nm
checking for gobjcopy... [not found]
checking for objcopy... /usr/bin/objcopy
checking for gobjdump... [not found]
checking for objdump... /usr/bin/objdump
checking for c++filt... /usr/bin/c++filt
checking for jtreg... [not found]
checking for jtreg test harness... no, not found
checking for jtreg jdk... no, using BOOT_JDK
checking for jmh (Java Microbenchmark Harness)... no, disabled
checking for jib... no
checking for tidy... [not found]
checking for stdio.h... yes
checking for stdlib.h... yes
checking for string.h... yes
checking for inttypes.h... yes
checking for stdint.h... yes
checking for strings.h... yes
checking for sys/stat.h... yes
checking for sys/types.h... yes
checking for unistd.h... yes
checking for stdio.h... (cached) yes
checking size of int *... 8
checking for target address size... 64 bits
checking whether byte ordering is bigendian... no
checking for --enable-branch-protection... disabled, default
checking for --with-native-debug-symbols-level... <none>, default (calculated from 'auto')
checking for --enable-warnings-as-errors... disabled, from command line
checking if CC supports "-ftrivial-auto-var-init=pattern"... yes
checking if CXX supports "-ftrivial-auto-var-init=pattern"... yes
checking if both CC and CXX support "-ftrivial-auto-var-init=pattern"... yes
checking if TARGET is x86... no
checking if CC supports "-ffp-contract=off"... yes
checking if CXX supports "-ffp-contract=off"... yes
checking if both CC and CXX support "-ffp-contract=off"... yes
checking if BUILD is x86... no
checking if BUILD_CC supports "-ffp-contract=off"... yes
checking if BUILD_CXX supports "-ffp-contract=off"... yes
checking if both BUILD_CC and BUILD_CXX support "-ffp-contract=off"... yes
checking how to run strip... --strip-debug
checking for --enable-aarch64-sve... disabled, from default 'auto'
checking what type of native debug symbols to use... external
checking if we should add external native debug symbols to the shipped bundles... full (default)
checking if native coverage is available... yes
checking for --enable-native-coverage... disabled, default
checking for --with-jcov-modules... <disabled>, default
checking if AddressSanitizer (asan) is available... yes
checking for --enable-asan... disabled, default
checking for --with-additional-ubsan-checks... <disabled>, default
checking if UndefinedBehaviorSanitizer (ubsan) is available... yes
checking for --enable-ubsan... disabled, default
checking if LeakSanitizer (lsan) is available... yes
checking for --enable-lsan... disabled, default
checking if static analyzer is available... yes
checking for --enable-static-analyzer... disabled, default
checking if fallback linker enabled... disabled, default
checking if static link of stdc++ is possible... yes
checking how to link with libstdc++... static
checking for ALSA... yes
checking for which libjpeg to use... bundled
checking for which giflib to use... bundled
checking for PNG... yes
checking for which libpng to use... bundled
checking for compress in -lz... yes
checking for which zlib to use... system
checking for system zlib functionality... ok
checking for which lcms to use... bundled
checking for which harfbuzz to use... bundled
checking for cups headers... yes
checking for fontconfig/fontconfig.h... no
configure: error: Could not find fontconfig! You might be able to fix this by running 'sudo apt-get install libfontconfig1-dev'. 
configure: Configuration created at Thu Mar 26 12:02:36 UTC 2026.
checking for basename... /usr/bin/basename
checking for dirname... /usr/bin/dirname
checking for file... /usr/bin/file
checking for ldd... /usr/bin/ldd
checking for echo... echo [builtin]
checking for tr... /usr/bin/tr
checking for uname... /usr/bin/uname
checking for wc... /usr/bin/wc
checking for grep that handles long lines and -e... /usr/bin/grep
checking for egrep... /usr/bin/grep -E
checking for a sed that does not truncate output... /usr/bin/sed
checking for locale... /usr/bin/locale
checking for cygpath... [not found]
checking for wslpath... [not found]
checking for cmd.exe... [not found]
checking for lsb_release... /usr/bin/lsb_release
checking build system type... x86_64-pc-linux-gnu
checking host system type... x86_64-pc-linux-gnu
checking target system type... x86_64-pc-linux-gnu
checking openjdk-build os-cpu... linux-x86_64
checking openjdk-build C library... gnu
checking openjdk-target os-cpu... linux-x86_64
checking openjdk-target C library... gnu
checking compilation type... native
checking for top-level directory... /home/runner/work/jdk/jdk
checking for bash... /usr/bin/bash
checking for cat... /usr/bin/cat
checking for chmod... /usr/bin/chmod
checking for cp... /usr/bin/cp
checking for cut... /usr/bin/cut
checking for date... /usr/bin/date
checking for gdiff... [not found]
checking for diff... /usr/bin/diff
checking for expr... /usr/bin/expr
checking for find... /usr/bin/find
checking for gunzip... /usr/bin/gunzip
checking for pigz... /usr/bin/pigz
checking for head... /usr/bin/head
checking for ln... /usr/bin/ln
checking for ls... /usr/bin/ls
checking for gmkdir... [not found]
checking for mkdir... /usr/bin/mkdir
checking for mktemp... /usr/bin/mktemp
checking for mv... /usr/bin/mv
checking for gawk... /usr/bin/gawk
checking for printf... printf [builtin]
checking for rm... /usr/bin/rm
checking for rmdir... /usr/bin/rmdir
checking for sh... /usr/bin/sh
checking for sort... /usr/bin/sort
checking for tail... /usr/bin/tail
checking for gtar... [not found]
checking for tar... /usr/bin/tar
checking for tee... /usr/bin/tee
checking for touch... /usr/bin/touch
checking for xargs... /usr/bin/xargs
checking for fgrep... /usr/bin/grep -F
checking for cmake... /usr/local/bin/cmake
checking for df... /usr/bin/df
checking for git... /usr/bin/git
checking for nice... /usr/bin/nice
checking for greadlink... [not found]
checking for readlink... /usr/bin/readlink
checking for whoami... /usr/bin/whoami
checking for cmp... /usr/bin/cmp
checking for uniq... /usr/bin/uniq
configure: CI environment variable set to true
checking for build environment type... ci, default (calculated from 'auto')
checking for locale to use... C.UTF-8 (recommended)
checking if custom source is suppressed (openjdk-only)... disabled, default
checking for --enable-debug... disabled, default
checking which debug level to use... fastdebug
checking which variants of the JVM to build... server
checking if absolute paths should be allowed in the build output... yes, debug build
checking for toolchain path... 
checking for sysroot... 
checking for extra path... 
checking where to store configuration... in default location
checking what configuration name to use... linux-x86_64-server-fastdebug
checking for zypper... [not found]
checking for apt-get... /usr/bin/apt-get
checking for pandoc... [not found]
checking for gmake... /usr/bin/gmake
configure: Testing potential make at /usr/bin/gmake, found using gmake in PATH
configure: Using GNU make at /usr/bin/gmake (version: GNU Make 4.3)
checking if make --output-sync is supported... yes
checking for make --output-sync value... none, default
checking if find supports -delete... yes
checking what type of tar was found... gnu
checking that grep (/usr/bin/grep) -Fx handles empty lines in the pattern list correctly... yes
checking for unzip... /usr/bin/unzip
checking for zip... /usr/bin/zip
checking for greadelf... [not found]
checking for readelf... /usr/bin/readelf
checking for dot... [not found]
checking for stat... /usr/bin/stat
checking for time... time [builtin]
checking for flock... /usr/bin/flock
checking for dtrace... [not found]
checking for gpatch... [not found]
checking for patch... /usr/bin/patch
checking if date is a GNU compatible version... yes
checking for ulimit... ulimit [builtin]
checking bash version... 5.2.21
checking if bash supports pipefail... yes
checking if bash supports errexit (-e)... yes
checking for pkg-config... /usr/bin/pkg-config
checking pkg-config is at least version 0.9.0... yes
checking for default LOG value... 
checking for JMOD compression type... zip-1, default
checking whether or not a JDK suitable for linking from the run-time image should be produced... disabled, default
checking if packaged modules are kept... enabled, default
checking for --with-extra-jlink-flags... <disabled>, default
checking for --with-build-user... runner, default
checking for --with-jdk-rc-name... OpenJDK Platform, default
checking for --with-vendor-name... N/A, default
checking for --with-jdk-rc-company-name... N/A, default
checking for --with-vendor-url... https://openjdk.org/, default
checking for --with-vendor-bug-url... https://bugreport.java.com/bugreport/, default
checking for --with-vendor-vm-bug-url... https://bugreport.java.com/bugreport/crash.jsp, default
checking for --with-version-string... <none>, default
checking for --with-version-feature... 27, default
checking for --with-version-date... 2026-09-15, default
checking for --with-vendor-version-string... <disabled>, default
checking for --with-macosx-bundle-name-base... OpenJDK, default
checking for --with-macosx-bundle-id-base... net.java.openjdk-internal, default
checking for --with-macosx-bundle-build-version... 0, default
checking for version string... 27-internal-adhoc.runner.jdk
configure: Found potential Boot JDK using JAVA_HOME
configure: Potential Boot JDK found at /usr/lib/jvm/temurin-17-jdk-amd64 is incorrect JDK version (openjdk version "17.0.18" 2026-01-20 OpenJDK Runtime Environment Temurin-17.0.18+8 (build 17.0.18+8) OpenJDK 64-Bit Server VM Temurin-17.0.18+8 (build 17.0.18+8, mixed mode, sharing)); ignoring
configure: (Your Boot JDK version must be one of: 25 26 27)
checking for javac... /usr/bin/javac
checking for java... /usr/bin/java
configure: Found potential Boot JDK using java(c) in PATH
configure: Potential Boot JDK found at /usr/lib/jvm/temurin-17-jdk-amd64 is incorrect JDK version (openjdk version "17.0.18" 2026-01-20 OpenJDK Runtime Environment Temurin-17.0.18+8 (build 17.0.18+8) OpenJDK 64-Bit Server VM Temurin-17.0.18+8 (build 17.0.18+8, mixed mode, sharing)); ignoring
configure: (Your Boot JDK version must be one of: 25 26 27)
configure: Found potential Boot JDK using well-known locations (in /usr/lib/jvm/temurin-8-jdk-amd64)
configure: Potential Boot JDK found at /usr/lib/jvm/temurin-8-jdk-amd64 is incorrect JDK version (openjdk version "1.8.0_482" OpenJDK Runtime Environment (Temurin)(build 1.8.0_482-b08) OpenJDK 64-Bit Server VM (Temurin)(build 25.482-b08, mixed mode)); ignoring
configure: (Your Boot JDK version must be one of: 25 26 27)
configure: Found potential Boot JDK using well-known locations (in /usr/lib/jvm/temurin-25-jdk-amd64)
checking for Boot JDK... /usr/lib/jvm/temurin-25-jdk-amd64
checking Boot JDK version... openjdk version "25.0.2" 2026-01-20 LTS OpenJDK Runtime Environment Temurin-25.0.2+10 (build 25.0.2+10-LTS) OpenJDK 64-Bit Server VM Temurin-25.0.2+10 (build 25.0.2+10-LTS, mixed mode, sharing)
checking for java [Boot JDK]... $BOOT_JDK/bin/java
checking for javac [Boot JDK]... $BOOT_JDK/bin/javac
checking for javadoc [Boot JDK]... $BOOT_JDK/bin/javadoc
checking for jar [Boot JDK]... $BOOT_JDK/bin/jar
checking if Boot JDK jar supports --date=TIMESTAMP... true
checking if Boot JDK is 32 or 64 bits... 64
checking for docs-reference JDK... no, using interim javadoc for the docs-reference targets
checking what source date to use... 1774526557, from 'current' (default)
checking if we should build headless-only (no GUI)... enabled, from command line
checking if linker should clean out unused code (linktime-gc)... disabled, default
checking for graphviz dot... no, cannot generate full docs or man pages
checking for pandoc... no, cannot generate full docs or man pages
checking for --enable-full-docs... disabled, from default 'auto'
checking for cacerts file... default
checking for cacerts source... default
checking for --enable-unlimited-crypto... enabled, default
checking for jni library path... default
configure: Using default toolchain gcc (GNU Compiler Collection)
checking for gcc... /usr/bin/gcc
checking resolved symbolic links for CC... /usr/bin/x86_64-linux-gnu-gcc-13
configure: Using gcc C compiler version 13.3.0 [gcc (Ubuntu 13.3.0-6ubuntu2~24.04.1) 13.3.0]
checking whether the C compiler works... yes
checking for C compiler default output file name... a.out
checking for suffix of executables... 
checking whether we are cross compiling... no
checking for suffix of object files... o
checking whether /usr/bin/gcc accepts -g... yes
checking for g++... /usr/bin/g++
checking resolved symbolic links for CXX... /usr/bin/x86_64-linux-gnu-g++-13
configure: Using gcc C++ compiler version 13.3.0 [g++ (Ubuntu 13.3.0-6ubuntu2~24.04.1) 13.3.0]
checking whether /usr/bin/g++ accepts -g... yes
checking how to run the C preprocessor... /usr/bin/gcc -E
checking how to run the C++ preprocessor... /usr/bin/g++ -E
configure: Using gcc linker version 2.42 [GNU ld (GNU Binutils for Ubuntu) 2.42]
configure: comparing linker version to minimum version 2.25
checking for ar... /usr/bin/ar
checking for strip... /usr/bin/strip
checking for nm... /usr/bin/nm
checking for gobjcopy... [not found]
checking for objcopy... /usr/bin/objcopy
checking for gobjdump... [not found]
checking for objdump... /usr/bin/objdump
checking for c++filt... /usr/bin/c++filt
checking for jtreg... [not found]
checking for jtreg test harness... no, not found
checking for jtreg jdk... no, using BOOT_JDK
checking for jmh (Java Microbenchmark Harness)... no, disabled
checking for jib... no
checking for tidy... [not found]
checking for stdio.h... yes
checking for stdlib.h... yes
checking for string.h... yes
checking for inttypes.h... yes
checking for stdint.h... yes
checking for strings.h... yes
checking for sys/stat.h... yes
checking for sys/types.h... yes
checking for unistd.h... yes
checking for stdio.h... (cached) yes
checking size of int *... 8
checking for target address size... 64 bits
checking whether byte ordering is bigendian... no
checking for --enable-branch-protection... disabled, default
checking for --with-native-debug-symbols-level... <none>, default (calculated from 'auto')
checking for --enable-warnings-as-errors... disabled, from command line
checking if CC supports "-ftrivial-auto-var-init=pattern"... yes
checking if CXX supports "-ftrivial-auto-var-init=pattern"... yes
checking if both CC and CXX support "-ftrivial-auto-var-init=pattern"... yes
checking if TARGET is x86... no
checking if CC supports "-ffp-contract=off"... yes
checking if CXX supports "-ffp-contract=off"... yes
checking if both CC and CXX support "-ffp-contract=off"... yes
checking if BUILD is x86... no
checking if BUILD_CC supports "-ffp-contract=off"... yes
checking if BUILD_CXX supports "-ffp-contract=off"... yes
checking if both BUILD_CC and BUILD_CXX support "-ffp-contract=off"... yes
checking how to run strip... --strip-debug
checking for --enable-aarch64-sve... disabled, from default 'auto'
checking what type of native debug symbols to use... external
checking if we should add external native debug symbols to the shipped bundles... full (default)
checking if native coverage is available... yes
checking for --enable-native-coverage... disabled, default
checking for --with-jcov-modules... <disabled>, default
checking if AddressSanitizer (asan) is available... yes
checking for --enable-asan... disabled, default
checking for --with-additional-ubsan-checks... <disabled>, default
checking if UndefinedBehaviorSanitizer (ubsan) is available... yes
checking for --enable-ubsan... disabled, default
checking if LeakSanitizer (lsan) is available... yes
checking for --enable-lsan... disabled, default
checking if static analyzer is available... yes
checking for --enable-static-analyzer... disabled, default
checking if fallback linker enabled... disabled, default
checking if static link of stdc++ is possible... yes
checking how to link with libstdc++... static
checking for ALSA... yes
checking for which libjpeg to use... bundled
checking for which giflib to use... bundled
checking for PNG... yes
checking for which libpng to use... bundled
checking for compress in -lz... yes
checking for which zlib to use... system
checking for system zlib functionality... ok
checking for which lcms to use... bundled
checking for which harfbuzz to use... bundled
checking for cups headers... yes
checking for fontconfig/fontconfig.h... no
configure: error: Could not find fontconfig! You might be able to fix this by running 'sudo apt-get install libfontconfig1-dev'. 
configure: Configuration created at Thu Mar 26 12:05:10 UTC 2026.
checking for basename... /usr/bin/basename
checking for dirname... /usr/bin/dirname
checking for file... /usr/bin/file
checking for ldd... /usr/bin/ldd
checking for echo... echo [builtin]
checking for tr... /usr/bin/tr
checking for uname... /usr/bin/uname
checking for wc... /usr/bin/wc
checking for grep that handles long lines and -e... /usr/bin/grep
checking for egrep... /usr/bin/grep -E
checking for a sed that does not truncate output... /usr/bin/sed
checking for locale... /usr/bin/locale
checking for cygpath... [not found]
checking for wslpath... [not found]
checking for cmd.exe... [not found]
checking for lsb_release... /usr/bin/lsb_release
checking build system type... x86_64-pc-linux-gnu
checking host system type... x86_64-pc-linux-gnu
checking target system type... x86_64-pc-linux-gnu
checking openjdk-build os-cpu... linux-x86_64
checking openjdk-build C library... gnu
checking openjdk-target os-cpu... linux-x86_64
checking openjdk-target C library... gnu
checking compilation type... native
checking for top-level directory... /home/runner/work/jdk/jdk
checking for bash... /usr/bin/bash
checking for cat... /usr/bin/cat
checking for chmod... /usr/bin/chmod
checking for cp... /usr/bin/cp
checking for cut... /usr/bin/cut
checking for date... /usr/bin/date
checking for gdiff... [not found]
checking for diff... /usr/bin/diff
checking for expr... /usr/bin/expr
checking for find... /usr/bin/find
checking for gunzip... /usr/bin/gunzip
checking for pigz... /usr/bin/pigz
checking for head... /usr/bin/head
checking for ln... /usr/bin/ln
checking for ls... /usr/bin/ls
checking for gmkdir... [not found]
checking for mkdir... /usr/bin/mkdir
checking for mktemp... /usr/bin/mktemp
checking for mv... /usr/bin/mv
checking for gawk... /usr/bin/gawk
checking for printf... printf [builtin]
checking for rm... /usr/bin/rm
checking for rmdir... /usr/bin/rmdir
checking for sh... /usr/bin/sh
checking for sort... /usr/bin/sort
checking for tail... /usr/bin/tail
checking for gtar... [not found]
checking for tar... /usr/bin/tar
checking for tee... /usr/bin/tee
checking for touch... /usr/bin/touch
checking for xargs... /usr/bin/xargs
checking for fgrep... /usr/bin/grep -F
checking for cmake... /usr/local/bin/cmake
checking for df... /usr/bin/df
checking for git... /usr/bin/git
checking for nice... /usr/bin/nice
checking for greadlink... [not found]
checking for readlink... /usr/bin/readlink
checking for whoami... /usr/bin/whoami
checking for cmp... /usr/bin/cmp
checking for uniq... /usr/bin/uniq
configure: CI environment variable set to true
checking for build environment type... ci, default (calculated from 'auto')
checking for locale to use... C.UTF-8 (recommended)
checking if custom source is suppressed (openjdk-only)... disabled, default
checking for --enable-debug... disabled, default
checking which debug level to use... fastdebug
checking which variants of the JVM to build... server
checking if absolute paths should be allowed in the build output... yes, debug build
checking for toolchain path... 
checking for sysroot... 
checking for extra path... 
checking where to store configuration... in default location
checking what configuration name to use... linux-x86_64-server-fastdebug
checking for zypper... [not found]
checking for apt-get... /usr/bin/apt-get
checking for pandoc... [not found]
checking for gmake... /usr/bin/gmake
configure: Testing potential make at /usr/bin/gmake, found using gmake in PATH
configure: Using GNU make at /usr/bin/gmake (version: GNU Make 4.3)
checking if make --output-sync is supported... yes
checking for make --output-sync value... none, default
checking if find supports -delete... yes
checking what type of tar was found... gnu
checking that grep (/usr/bin/grep) -Fx handles empty lines in the pattern list correctly... yes
checking for unzip... /usr/bin/unzip
checking for zip... /usr/bin/zip
checking for greadelf... [not found]
checking for readelf... /usr/bin/readelf
checking for dot... [not found]
checking for stat... /usr/bin/stat
checking for time... time [builtin]
checking for flock... /usr/bin/flock
checking for dtrace... [not found]
checking for gpatch... [not found]
checking for patch... /usr/bin/patch
checking if date is a GNU compatible version... yes
checking for ulimit... ulimit [builtin]
checking bash version... 5.2.21
checking if bash supports pipefail... yes
checking if bash supports errexit (-e)... yes
checking for pkg-config... /usr/bin/pkg-config
checking pkg-config is at least version 0.9.0... yes
checking for default LOG value... 
checking for JMOD compression type... zip-1, default
checking whether or not a JDK suitable for linking from the run-time image should be produced... disabled, default
checking if packaged modules are kept... enabled, default
checking for --with-extra-jlink-flags... <disabled>, default
checking for --with-build-user... runner, default
checking for --with-jdk-rc-name... OpenJDK Platform, default
checking for --with-vendor-name... N/A, default
checking for --with-jdk-rc-company-name... N/A, default
checking for --with-vendor-url... https://openjdk.org/, default
checking for --with-vendor-bug-url... https://bugreport.java.com/bugreport/, default
checking for --with-vendor-vm-bug-url... https://bugreport.java.com/bugreport/crash.jsp, default
checking for --with-version-string... <none>, default
checking for --with-version-feature... 27, default
checking for --with-version-date... 2026-09-15, default
checking for --with-vendor-version-string... <disabled>, default
checking for --with-macosx-bundle-name-base... OpenJDK, default
checking for --with-macosx-bundle-id-base... net.java.openjdk-internal, default
checking for --with-macosx-bundle-build-version... 0, default
checking for version string... 27-internal-adhoc.runner.jdk
configure: Found potential Boot JDK using JAVA_HOME
configure: Potential Boot JDK found at /usr/lib/jvm/temurin-17-jdk-amd64 is incorrect JDK version (openjdk version "17.0.18" 2026-01-20 OpenJDK Runtime Environment Temurin-17.0.18+8 (build 17.0.18+8) OpenJDK 64-Bit Server VM Temurin-17.0.18+8 (build 17.0.18+8, mixed mode, sharing)); ignoring
configure: (Your Boot JDK version must be one of: 25 26 27)
checking for javac... /usr/bin/javac
checking for java... /usr/bin/java
configure: Found potential Boot JDK using java(c) in PATH
configure: Potential Boot JDK found at /usr/lib/jvm/temurin-17-jdk-amd64 is incorrect JDK version (openjdk version "17.0.18" 2026-01-20 OpenJDK Runtime Environment Temurin-17.0.18+8 (build 17.0.18+8) OpenJDK 64-Bit Server VM Temurin-17.0.18+8 (build 17.0.18+8, mixed mode, sharing)); ignoring
configure: (Your Boot JDK version must be one of: 25 26 27)
configure: Found potential Boot JDK using well-known locations (in /usr/lib/jvm/temurin-8-jdk-amd64)
configure: Potential Boot JDK found at /usr/lib/jvm/temurin-8-jdk-amd64 is incorrect JDK version (openjdk version "1.8.0_482" OpenJDK Runtime Environment (Temurin)(build 1.8.0_482-b08) OpenJDK 64-Bit Server VM (Temurin)(build 25.482-b08, mixed mode)); ignoring
configure: (Your Boot JDK version must be one of: 25 26 27)
configure: Found potential Boot JDK using well-known locations (in /usr/lib/jvm/temurin-25-jdk-amd64)
checking for Boot JDK... /usr/lib/jvm/temurin-25-jdk-amd64
checking Boot JDK version... openjdk version "25.0.2" 2026-01-20 LTS OpenJDK Runtime Environment Temurin-25.0.2+10 (build 25.0.2+10-LTS) OpenJDK 64-Bit Server VM Temurin-25.0.2+10 (build 25.0.2+10-LTS, mixed mode, sharing)
checking for java [Boot JDK]... $BOOT_JDK/bin/java
checking for javac [Boot JDK]... $BOOT_JDK/bin/javac
checking for javadoc [Boot JDK]... $BOOT_JDK/bin/javadoc
checking for jar [Boot JDK]... $BOOT_JDK/bin/jar
checking if Boot JDK jar supports --date=TIMESTAMP... true
checking if Boot JDK is 32 or 64 bits... 64
checking for docs-reference JDK... no, using interim javadoc for the docs-reference targets
checking what source date to use... 1774526711, from 'current' (default)
checking if we should build headless-only (no GUI)... disabled, default
checking if linker should clean out unused code (linktime-gc)... disabled, default
checking for graphviz dot... no, cannot generate full docs or man pages
checking for pandoc... no, cannot generate full docs or man pages
checking for --enable-full-docs... disabled, from default 'auto'
checking for cacerts file... default
checking for cacerts source... default
checking for --enable-unlimited-crypto... enabled, default
checking for jni library path... default
configure: Using default toolchain gcc (GNU Compiler Collection)
checking for gcc... /usr/bin/gcc
checking resolved symbolic links for CC... /usr/bin/x86_64-linux-gnu-gcc-13
configure: Using gcc C compiler version 13.3.0 [gcc (Ubuntu 13.3.0-6ubuntu2~24.04.1) 13.3.0]
checking whether the C compiler works... yes
checking for C compiler default output file name... a.out
checking for suffix of executables... 
checking whether we are cross compiling... no
checking for suffix of object files... o
checking whether /usr/bin/gcc accepts -g... yes
checking for g++... /usr/bin/g++
checking resolved symbolic links for CXX... /usr/bin/x86_64-linux-gnu-g++-13
configure: Using gcc C++ compiler version 13.3.0 [g++ (Ubuntu 13.3.0-6ubuntu2~24.04.1) 13.3.0]
checking whether /usr/bin/g++ accepts -g... yes
checking how to run the C preprocessor... /usr/bin/gcc -E
checking how to run the C++ preprocessor... /usr/bin/g++ -E
configure: Using gcc linker version 2.42 [GNU ld (GNU Binutils for Ubuntu) 2.42]
configure: comparing linker version to minimum version 2.25
checking for ar... /usr/bin/ar
checking for strip... /usr/bin/strip
checking for nm... /usr/bin/nm
checking for gobjcopy... [not found]
checking for objcopy... /usr/bin/objcopy
checking for gobjdump... [not found]
checking for objdump... /usr/bin/objdump
checking for c++filt... /usr/bin/c++filt
checking for jtreg... [not found]
checking for jtreg test harness... no, not found
checking for jtreg jdk... no, using BOOT_JDK
checking for jmh (Java Microbenchmark Harness)... no, disabled
checking for jib... no
checking for tidy... [not found]
checking for stdio.h... yes
checking for stdlib.h... yes
checking for string.h... yes
checking for inttypes.h... yes
checking for stdint.h... yes
checking for strings.h... yes
checking for sys/stat.h... yes
checking for sys/types.h... yes
checking for unistd.h... yes
checking for stdio.h... (cached) yes
checking size of int *... 8
checking for target address size... 64 bits
checking whether byte ordering is bigendian... no
checking for --enable-branch-protection... disabled, default
checking for --with-native-debug-symbols-level... <none>, default (calculated from 'auto')
checking for --enable-warnings-as-errors... disabled, from command line
checking if CC supports "-ftrivial-auto-var-init=pattern"... yes
checking if CXX supports "-ftrivial-auto-var-init=pattern"... yes
checking if both CC and CXX support "-ftrivial-auto-var-init=pattern"... yes
checking if TARGET is x86... no
checking if CC supports "-ffp-contract=off"... yes
checking if CXX supports "-ffp-contract=off"... yes
checking if both CC and CXX support "-ffp-contract=off"... yes
checking if BUILD is x86... no
checking if BUILD_CC supports "-ffp-contract=off"... yes
checking if BUILD_CXX supports "-ffp-contract=off"... yes
checking if both BUILD_CC and BUILD_CXX support "-ffp-contract=off"... yes
checking how to run strip... --strip-debug
checking for --enable-aarch64-sve... disabled, from default 'auto'
checking what type of native debug symbols to use... external
checking if we should add external native debug symbols to the shipped bundles... full (default)
checking if native coverage is available... yes
checking for --enable-native-coverage... disabled, default
checking for --with-jcov-modules... <disabled>, default
checking if AddressSanitizer (asan) is available... yes
checking for --enable-asan... disabled, default
checking for --with-additional-ubsan-checks... <disabled>, default
checking if UndefinedBehaviorSanitizer (ubsan) is available... yes
checking for --enable-ubsan... disabled, default
checking if LeakSanitizer (lsan) is available... yes
checking for --enable-lsan... disabled, default
checking if static analyzer is available... yes
checking for --enable-static-analyzer... disabled, default
checking if fallback linker enabled... disabled, default
checking if static link of stdc++ is possible... yes
checking how to link with libstdc++... static
checking for ALSA... yes
checking for which libjpeg to use... bundled
checking for which giflib to use... bundled
checking for PNG... yes
checking for which libpng to use... bundled
checking for compress in -lz... yes
checking for which zlib to use... system
checking for system zlib functionality... ok
checking for which lcms to use... bundled
checking for which harfbuzz to use... bundled
checking for cups headers... yes
checking for fontconfig headers... configure: error: Can't find 'fontconfig/fontconfig.h' under /dev/null given with the --with-fontconfig-include option.
configure: Configuration created at Thu Mar 26 12:07:49 UTC 2026.
checking for basename... /usr/bin/basename
checking for dirname... /usr/bin/dirname
checking for file... /usr/bin/file
checking for ldd... /usr/bin/ldd
checking for echo... echo [builtin]
checking for tr... /usr/bin/tr
checking for uname... /usr/bin/uname
checking for wc... /usr/bin/wc
checking for grep that handles long lines and -e... /usr/bin/grep
checking for egrep... /usr/bin/grep -E
checking for a sed that does not truncate output... /usr/bin/sed
checking for locale... /usr/bin/locale
checking for cygpath... [not found]
checking for wslpath... [not found]
checking for cmd.exe... [not found]
checking for lsb_release... /usr/bin/lsb_release
checking build system type... x86_64-pc-linux-gnu
checking host system type... x86_64-pc-linux-gnu
checking target system type... x86_64-pc-linux-gnu
checking openjdk-build os-cpu... linux-x86_64
checking openjdk-build C library... gnu
checking openjdk-target os-cpu... linux-x86_64
checking openjdk-target C library... gnu
checking compilation type... native
checking for top-level directory... /home/runner/work/jdk/jdk
checking for bash... /usr/bin/bash
checking for cat... /usr/bin/cat
checking for chmod... /usr/bin/chmod
checking for cp... /usr/bin/cp
checking for cut... /usr/bin/cut
checking for date... /usr/bin/date
checking for gdiff... [not found]
checking for diff... /usr/bin/diff
checking for expr... /usr/bin/expr
checking for find... /usr/bin/find
checking for gunzip... /usr/bin/gunzip
checking for pigz... /usr/bin/pigz
checking for head... /usr/bin/head
checking for ln... /usr/bin/ln
checking for ls... /usr/bin/ls
checking for gmkdir... [not found]
checking for mkdir... /usr/bin/mkdir
checking for mktemp... /usr/bin/mktemp
checking for mv... /usr/bin/mv
checking for gawk... /usr/bin/gawk
checking for printf... printf [builtin]
checking for rm... /usr/bin/rm
checking for rmdir... /usr/bin/rmdir
checking for sh... /usr/bin/sh
checking for sort... /usr/bin/sort
checking for tail... /usr/bin/tail
checking for gtar... [not found]
checking for tar... /usr/bin/tar
checking for tee... /usr/bin/tee
checking for touch... /usr/bin/touch
checking for xargs... /usr/bin/xargs
checking for fgrep... /usr/bin/grep -F
checking for cmake... /usr/local/bin/cmake
checking for df... /usr/bin/df
checking for git... /usr/bin/git
checking for nice... /usr/bin/nice
checking for greadlink... [not found]
checking for readlink... /usr/bin/readlink
checking for whoami... /usr/bin/whoami
checking for cmp... /usr/bin/cmp
checking for uniq... /usr/bin/uniq
configure: CI environment variable set to true
checking for build environment type... ci, default (calculated from 'auto')
checking for locale to use... C.UTF-8 (recommended)
checking if custom source is suppressed (openjdk-only)... disabled, default
checking for --enable-debug... disabled, default
checking which debug level to use... fastdebug
checking which variants of the JVM to build... server
checking if absolute paths should be allowed in the build output... yes, debug build
checking for toolchain path... 
checking for sysroot... 
checking for extra path... 
checking where to store configuration... in default location
checking what configuration name to use... linux-x86_64-server-fastdebug
checking for zypper... [not found]
checking for apt-get... /usr/bin/apt-get
checking for pandoc... [not found]
checking for gmake... /usr/bin/gmake
configure: Testing potential make at /usr/bin/gmake, found using gmake in PATH
configure: Using GNU make at /usr/bin/gmake (version: GNU Make 4.3)
checking if make --output-sync is supported... yes
checking for make --output-sync value... none, default
checking if find supports -delete... yes
checking what type of tar was found... gnu
checking that grep (/usr/bin/grep) -Fx handles empty lines in the pattern list correctly... yes
checking for unzip... /usr/bin/unzip
checking for zip... /usr/bin/zip
checking for greadelf... [not found]
checking for readelf... /usr/bin/readelf
checking for dot... [not found]
checking for stat... /usr/bin/stat
checking for time... time [builtin]
checking for flock... /usr/bin/flock
checking for dtrace... [not found]
checking for gpatch... [not found]
checking for patch... /usr/bin/patch
checking if date is a GNU compatible version... yes
checking for ulimit... ulimit [builtin]
checking bash version... 5.2.21
checking if bash supports pipefail... yes
checking if bash supports errexit (-e)... yes
checking for pkg-config... /usr/bin/pkg-config
checking pkg-config is at least version 0.9.0... yes
checking for default LOG value... 
checking for JMOD compression type... zip-1, default
checking whether or not a JDK suitable for linking from the run-time image should be produced... disabled, default
checking if packaged modules are kept... enabled, default
checking for --with-extra-jlink-flags... <disabled>, default
checking for --with-build-user... runner, default
checking for --with-jdk-rc-name... OpenJDK Platform, default
checking for --with-vendor-name... N/A, default
checking for --with-jdk-rc-company-name... N/A, default
checking for --with-vendor-url... https://openjdk.org/, default
checking for --with-vendor-bug-url... https://bugreport.java.com/bugreport/, default
checking for --with-vendor-vm-bug-url... https://bugreport.java.com/bugreport/crash.jsp, default
checking for --with-version-string... <none>, default
checking for --with-version-feature... 27, default
checking for --with-version-date... 2026-09-15, default
checking for --with-vendor-version-string... <disabled>, default
checking for --with-macosx-bundle-name-base... OpenJDK, default
checking for --with-macosx-bundle-id-base... net.java.openjdk-internal, default
checking for --with-macosx-bundle-build-version... 0, default
checking for version string... 27-internal-adhoc.runner.jdk
configure: Found potential Boot JDK using JAVA_HOME
configure: Potential Boot JDK found at /usr/lib/jvm/temurin-17-jdk-amd64 is incorrect JDK version (openjdk version "17.0.18" 2026-01-20 OpenJDK Runtime Environment Temurin-17.0.18+8 (build 17.0.18+8) OpenJDK 64-Bit Server VM Temurin-17.0.18+8 (build 17.0.18+8, mixed mode, sharing)); ignoring
configure: (Your Boot JDK version must be one of: 25 26 27)
checking for javac... /usr/bin/javac
checking for java... /usr/bin/java
configure: Found potential Boot JDK using java(c) in PATH
configure: Potential Boot JDK found at /usr/lib/jvm/temurin-17-jdk-amd64 is incorrect JDK version (openjdk version "17.0.18" 2026-01-20 OpenJDK Runtime Environment Temurin-17.0.18+8 (build 17.0.18+8) OpenJDK 64-Bit Server VM Temurin-17.0.18+8 (build 17.0.18+8, mixed mode, sharing)); ignoring
configure: (Your Boot JDK version must be one of: 25 26 27)
configure: Found potential Boot JDK using well-known locations (in /usr/lib/jvm/temurin-8-jdk-amd64)
configure: Potential Boot JDK found at /usr/lib/jvm/temurin-8-jdk-amd64 is incorrect JDK version (openjdk version "1.8.0_482" OpenJDK Runtime Environment (Temurin)(build 1.8.0_482-b08) OpenJDK 64-Bit Server VM (Temurin)(build 25.482-b08, mixed mode)); ignoring
configure: (Your Boot JDK version must be one of: 25 26 27)
configure: Found potential Boot JDK using well-known locations (in /usr/lib/jvm/temurin-25-jdk-amd64)
checking for Boot JDK... /usr/lib/jvm/temurin-25-jdk-amd64
checking Boot JDK version... openjdk version "25.0.2" 2026-01-20 LTS OpenJDK Runtime Environment Temurin-25.0.2+10 (build 25.0.2+10-LTS) OpenJDK 64-Bit Server VM Temurin-25.0.2+10 (build 25.0.2+10-LTS, mixed mode, sharing)
checking for java [Boot JDK]... $BOOT_JDK/bin/java
checking for javac [Boot JDK]... $BOOT_JDK/bin/javac
checking for javadoc [Boot JDK]... $BOOT_JDK/bin/javadoc
checking for jar [Boot JDK]... $BOOT_JDK/bin/jar
checking if Boot JDK jar supports --date=TIMESTAMP... true
checking if Boot JDK is 32 or 64 bits... 64
checking for docs-reference JDK... no, using interim javadoc for the docs-reference targets
checking what source date to use... 1774526869, from 'current' (default)
checking if we should build headless-only (no GUI)... disabled, default
checking if linker should clean out unused code (linktime-gc)... disabled, default
checking for graphviz dot... no, cannot generate full docs or man pages
checking for pandoc... no, cannot generate full docs or man pages
checking for --enable-full-docs... disabled, from default 'auto'
checking for cacerts file... default
checking for cacerts source... default
checking for --enable-unlimited-crypto... enabled, default
checking for jni library path... default
configure: Using default toolchain gcc (GNU Compiler Collection)
checking for gcc... /usr/bin/gcc
checking resolved symbolic links for CC... /usr/bin/x86_64-linux-gnu-gcc-13
configure: Using gcc C compiler version 13.3.0 [gcc (Ubuntu 13.3.0-6ubuntu2~24.04.1) 13.3.0]
checking whether the C compiler works... yes
checking for C compiler default output file name... a.out
checking for suffix of executables... 
checking whether we are cross compiling... no
checking for suffix of object files... o
checking whether /usr/bin/gcc accepts -g... yes
checking for g++... /usr/bin/g++
checking resolved symbolic links for CXX... /usr/bin/x86_64-linux-gnu-g++-13
configure: Using gcc C++ compiler version 13.3.0 [g++ (Ubuntu 13.3.0-6ubuntu2~24.04.1) 13.3.0]
checking whether /usr/bin/g++ accepts -g... yes
checking how to run the C preprocessor... /usr/bin/gcc -E
checking how to run the C++ preprocessor... /usr/bin/g++ -E
configure: Using gcc linker version 2.42 [GNU ld (GNU Binutils for Ubuntu) 2.42]
configure: comparing linker version to minimum version 2.25
checking for ar... /usr/bin/ar
checking for strip... /usr/bin/strip
checking for nm... /usr/bin/nm
checking for gobjcopy... [not found]
checking for objcopy... /usr/bin/objcopy
checking for gobjdump... [not found]
checking for objdump... /usr/bin/objdump
checking for c++filt... /usr/bin/c++filt
checking for jtreg... [not found]
checking for jtreg test harness... no, not found
checking for jtreg jdk... no, using BOOT_JDK
checking for jmh (Java Microbenchmark Harness)... no, disabled
checking for jib... no
checking for tidy... [not found]
checking for stdio.h... yes
checking for stdlib.h... yes
checking for string.h... yes
checking for inttypes.h... yes
checking for stdint.h... yes
checking for strings.h... yes
checking for sys/stat.h... yes
checking for sys/types.h... yes
checking for unistd.h... yes
checking for stdio.h... (cached) yes
checking size of int *... 8
checking for target address size... 64 bits
checking whether byte ordering is bigendian... no
checking for --enable-branch-protection... disabled, default
checking for --with-native-debug-symbols-level... <none>, default (calculated from 'auto')
checking for --enable-warnings-as-errors... disabled, from command line
checking if CC supports "-ftrivial-auto-var-init=pattern"... yes
checking if CXX supports "-ftrivial-auto-var-init=pattern"... yes
checking if both CC and CXX support "-ftrivial-auto-var-init=pattern"... yes
checking if TARGET is x86... no
checking if CC supports "-ffp-contract=off"... yes
checking if CXX supports "-ffp-contract=off"... yes
checking if both CC and CXX support "-ffp-contract=off"... yes
checking if BUILD is x86... no
checking if BUILD_CC supports "-ffp-contract=off"... yes
checking if BUILD_CXX supports "-ffp-contract=off"... yes
checking if both BUILD_CC and BUILD_CXX support "-ffp-contract=off"... yes
checking how to run strip... --strip-debug
checking for --enable-aarch64-sve... disabled, from default 'auto'
checking what type of native debug symbols to use... external
checking if we should add external native debug symbols to the shipped bundles... full (default)
checking if native coverage is available... yes
checking for --enable-native-coverage... disabled, default
checking for --with-jcov-modules... <disabled>, default
checking if AddressSanitizer (asan) is available... yes
checking for --enable-asan... disabled, default
checking for --with-additional-ubsan-checks... <disabled>, default
checking if UndefinedBehaviorSanitizer (ubsan) is available... yes
checking for --enable-ubsan... disabled, default
checking if LeakSanitizer (lsan) is available... yes
checking for --enable-lsan... disabled, default
checking if static analyzer is available... yes
checking for --enable-static-analyzer... disabled, default
checking if fallback linker enabled... disabled, default
checking if static link of stdc++ is possible... yes
checking how to link with libstdc++... static
checking for ALSA... yes
checking for which libjpeg to use... bundled
checking for which giflib to use... bundled
checking for PNG... yes
checking for which libpng to use... bundled
checking for compress in -lz... yes
checking for which zlib to use... system
checking for system zlib functionality... ok
checking for which lcms to use... bundled
checking for which harfbuzz to use... bundled
checking for cups headers... yes
checking for fontconfig headers... yes
Using freetype: bundled
checking for --enable-hsdis-bundling... disabled, default
checking what hsdis backend to use... 'none', hsdis will not be built
checking if hsdis should be bundled... no
checking for --enable-libffi-bundling... disabled, default
checking for cos in -lm... yes
checking for dlopen in -ldl... yes
checking for X... no
configure: error: Could not find X11 libraries. You might be able to fix this by running 'sudo apt-get install libx11-dev libxext-dev libxrender-dev libxrandr-dev libxtst-dev libxt-dev'.
configure: Configuration created at Thu Mar 26 12:10:25 UTC 2026.
checking for basename... /usr/bin/basename
checking for dirname... /usr/bin/dirname
checking for file... /usr/bin/file
checking for ldd... /usr/bin/ldd
checking for echo... echo [builtin]
checking for tr... /usr/bin/tr
checking for uname... /usr/bin/uname
checking for wc... /usr/bin/wc
checking for grep that handles long lines and -e... /usr/bin/grep
checking for egrep... /usr/bin/grep -E
checking for a sed that does not truncate output... /usr/bin/sed
checking for locale... /usr/bin/locale
checking for cygpath... [not found]
checking for wslpath... [not found]
checking for cmd.exe... [not found]
checking for lsb_release... /usr/bin/lsb_release
checking build system type... x86_64-pc-linux-gnu
checking host system type... x86_64-pc-linux-gnu
checking target system type... x86_64-pc-linux-gnu
checking openjdk-build os-cpu... linux-x86_64
checking openjdk-build C library... gnu
checking openjdk-target os-cpu... linux-x86_64
checking openjdk-target C library... gnu
checking compilation type... native
checking for top-level directory... /home/runner/work/jdk/jdk
checking for bash... /usr/bin/bash
checking for cat... /usr/bin/cat
checking for chmod... /usr/bin/chmod
checking for cp... /usr/bin/cp
checking for cut... /usr/bin/cut
checking for date... /usr/bin/date
checking for gdiff... [not found]
checking for diff... /usr/bin/diff
checking for expr... /usr/bin/expr
checking for find... /usr/bin/find
checking for gunzip... /usr/bin/gunzip
checking for pigz... /usr/bin/pigz
checking for head... /usr/bin/head
checking for ln... /usr/bin/ln
checking for ls... /usr/bin/ls
checking for gmkdir... [not found]
checking for mkdir... /usr/bin/mkdir
checking for mktemp... /usr/bin/mktemp
checking for mv... /usr/bin/mv
checking for gawk... /usr/bin/gawk
checking for printf... printf [builtin]
checking for rm... /usr/bin/rm
checking for rmdir... /usr/bin/rmdir
checking for sh... /usr/bin/sh
checking for sort... /usr/bin/sort
checking for tail... /usr/bin/tail
checking for gtar... [not found]
checking for tar... /usr/bin/tar
checking for tee... /usr/bin/tee
checking for touch... /usr/bin/touch
checking for xargs... /usr/bin/xargs
checking for fgrep... /usr/bin/grep -F
checking for cmake... /usr/local/bin/cmake
checking for df... /usr/bin/df
checking for git... /usr/bin/git
checking for nice... /usr/bin/nice
checking for greadlink... [not found]
checking for readlink... /usr/bin/readlink
checking for whoami... /usr/bin/whoami
checking for cmp... /usr/bin/cmp
checking for uniq... /usr/bin/uniq
configure: CI environment variable set to true
checking for build environment type... ci, default (calculated from 'auto')
checking for locale to use... C.UTF-8 (recommended)
checking if custom source is suppressed (openjdk-only)... disabled, default
checking for --enable-debug... disabled, default
checking which debug level to use... fastdebug
checking which variants of the JVM to build... server
checking if absolute paths should be allowed in the build output... yes, debug build
checking for toolchain path... 
checking for sysroot... 
checking for extra path... 
checking where to store configuration... in default location
checking what configuration name to use... linux-x86_64-server-fastdebug
checking for zypper... [not found]
checking for apt-get... /usr/bin/apt-get
checking for pandoc... [not found]
checking for gmake... /usr/bin/gmake
configure: Testing potential make at /usr/bin/gmake, found using gmake in PATH
configure: Using GNU make at /usr/bin/gmake (version: GNU Make 4.3)
checking if make --output-sync is supported... yes
checking for make --output-sync value... none, default
checking if find supports -delete... yes
checking what type of tar was found... gnu
checking that grep (/usr/bin/grep) -Fx handles empty lines in the pattern list correctly... yes
checking for unzip... /usr/bin/unzip
checking for zip... /usr/bin/zip
checking for greadelf... [not found]
checking for readelf... /usr/bin/readelf
checking for dot... [not found]
checking for stat... /usr/bin/stat
checking for time... time [builtin]
checking for flock... /usr/bin/flock
checking for dtrace... [not found]
checking for gpatch... [not found]
checking for patch... /usr/bin/patch
checking if date is a GNU compatible version... yes
checking for ulimit... ulimit [builtin]
checking bash version... 5.2.21
checking if bash supports pipefail... yes
checking if bash supports errexit (-e)... yes
checking for pkg-config... /usr/bin/pkg-config
checking pkg-config is at least version 0.9.0... yes
checking for default LOG value... 
checking for JMOD compression type... zip-1, default
checking whether or not a JDK suitable for linking from the run-time image should be produced... disabled, default
checking if packaged modules are kept... enabled, default
checking for --with-extra-jlink-flags... <disabled>, default
checking for --with-build-user... runner, default
checking for --with-jdk-rc-name... OpenJDK Platform, default
checking for --with-vendor-name... N/A, default
checking for --with-jdk-rc-company-name... N/A, default
checking for --with-vendor-url... https://openjdk.org/, default
checking for --with-vendor-bug-url... https://bugreport.java.com/bugreport/, default
checking for --with-vendor-vm-bug-url... https://bugreport.java.com/bugreport/crash.jsp, default
checking for --with-version-string... <none>, default
checking for --with-version-feature... 27, default
checking for --with-version-date... 2026-09-15, default
checking for --with-vendor-version-string... <disabled>, default
checking for --with-macosx-bundle-name-base... OpenJDK, default
checking for --with-macosx-bundle-id-base... net.java.openjdk-internal, default
checking for --with-macosx-bundle-build-version... 0, default
checking for version string... 27-internal-adhoc.runner.jdk
configure: Found potential Boot JDK using JAVA_HOME
configure: Potential Boot JDK found at /usr/lib/jvm/temurin-17-jdk-amd64 is incorrect JDK version (openjdk version "17.0.18" 2026-01-20 OpenJDK Runtime Environment Temurin-17.0.18+8 (build 17.0.18+8) OpenJDK 64-Bit Server VM Temurin-17.0.18+8 (build 17.0.18+8, mixed mode, sharing)); ignoring
configure: (Your Boot JDK version must be one of: 25 26 27)
checking for javac... /usr/bin/javac
checking for java... /usr/bin/java
configure: Found potential Boot JDK using java(c) in PATH
configure: Potential Boot JDK found at /usr/lib/jvm/temurin-17-jdk-amd64 is incorrect JDK version (openjdk version "17.0.18" 2026-01-20 OpenJDK Runtime Environment Temurin-17.0.18+8 (build 17.0.18+8) OpenJDK 64-Bit Server VM Temurin-17.0.18+8 (build 17.0.18+8, mixed mode, sharing)); ignoring
configure: (Your Boot JDK version must be one of: 25 26 27)
configure: Found potential Boot JDK using well-known locations (in /usr/lib/jvm/temurin-8-jdk-amd64)
configure: Potential Boot JDK found at /usr/lib/jvm/temurin-8-jdk-amd64 is incorrect JDK version (openjdk version "1.8.0_482" OpenJDK Runtime Environment (Temurin)(build 1.8.0_482-b08) OpenJDK 64-Bit Server VM (Temurin)(build 25.482-b08, mixed mode)); ignoring
configure: (Your Boot JDK version must be one of: 25 26 27)
configure: Found potential Boot JDK using well-known locations (in /usr/lib/jvm/temurin-25-jdk-amd64)
checking for Boot JDK... /usr/lib/jvm/temurin-25-jdk-amd64
checking Boot JDK version... openjdk version "25.0.2" 2026-01-20 LTS OpenJDK Runtime Environment Temurin-25.0.2+10 (build 25.0.2+10-LTS) OpenJDK 64-Bit Server VM Temurin-25.0.2+10 (build 25.0.2+10-LTS, mixed mode, sharing)
checking for java [Boot JDK]... $BOOT_JDK/bin/java
checking for javac [Boot JDK]... $BOOT_JDK/bin/javac
checking for javadoc [Boot JDK]... $BOOT_JDK/bin/javadoc
checking for jar [Boot JDK]... $BOOT_JDK/bin/jar
checking if Boot JDK jar supports --date=TIMESTAMP... true
checking if Boot JDK is 32 or 64 bits... 64
checking for docs-reference JDK... no, using interim javadoc for the docs-reference targets
checking what source date to use... 1774527026, from 'current' (default)
checking if we should build headless-only (no GUI)... disabled, default
checking if linker should clean out unused code (linktime-gc)... disabled, default
checking for graphviz dot... no, cannot generate full docs or man pages
checking for pandoc... no, cannot generate full docs or man pages
checking for --enable-full-docs... disabled, from default 'auto'
checking for cacerts file... default
checking for cacerts source... default
checking for --enable-unlimited-crypto... enabled, default
checking for jni library path... default
configure: Using default toolchain gcc (GNU Compiler Collection)
checking for gcc... /usr/bin/gcc
checking resolved symbolic links for CC... /usr/bin/x86_64-linux-gnu-gcc-13
configure: Using gcc C compiler version 13.3.0 [gcc (Ubuntu 13.3.0-6ubuntu2~24.04.1) 13.3.0]
checking whether the C compiler works... yes
checking for C compiler default output file name... a.out
checking for suffix of executables... 
checking whether we are cross compiling... no
checking for suffix of object files... o
checking whether /usr/bin/gcc accepts -g... yes
checking for g++... /usr/bin/g++
checking resolved symbolic links for CXX... /usr/bin/x86_64-linux-gnu-g++-13
configure: Using gcc C++ compiler version 13.3.0 [g++ (Ubuntu 13.3.0-6ubuntu2~24.04.1) 13.3.0]
checking whether /usr/bin/g++ accepts -g... yes
checking how to run the C preprocessor... /usr/bin/gcc -E
checking how to run the C++ preprocessor... /usr/bin/g++ -E
configure: Using gcc linker version 2.42 [GNU ld (GNU Binutils for Ubuntu) 2.42]
configure: comparing linker version to minimum version 2.25
checking for ar... /usr/bin/ar
checking for strip... /usr/bin/strip
checking for nm... /usr/bin/nm
checking for gobjcopy... [not found]
checking for objcopy... /usr/bin/objcopy
checking for gobjdump... [not found]
checking for objdump... /usr/bin/objdump
checking for c++filt... /usr/bin/c++filt
checking for jtreg... [not found]
checking for jtreg test harness... no, not found
checking for jtreg jdk... no, using BOOT_JDK
checking for jmh (Java Microbenchmark Harness)... no, disabled
checking for jib... no
checking for tidy... [not found]
checking for stdio.h... yes
checking for stdlib.h... yes
checking for string.h... yes
checking for inttypes.h... yes
checking for stdint.h... yes
checking for strings.h... yes
checking for sys/stat.h... yes
checking for sys/types.h... yes
checking for unistd.h... yes
checking for stdio.h... (cached) yes
checking size of int *... 8
checking for target address size... 64 bits
checking whether byte ordering is bigendian... no
checking for --enable-branch-protection... disabled, default
checking for --with-native-debug-symbols-level... <none>, default (calculated from 'auto')
checking for --enable-warnings-as-errors... disabled, from command line
checking if CC supports "-ftrivial-auto-var-init=pattern"... yes
checking if CXX supports "-ftrivial-auto-var-init=pattern"... yes
checking if both CC and CXX support "-ftrivial-auto-var-init=pattern"... yes
checking if TARGET is x86... no
checking if CC supports "-ffp-contract=off"... yes
checking if CXX supports "-ffp-contract=off"... yes
checking if both CC and CXX support "-ffp-contract=off"... yes
checking if BUILD is x86... no
checking if BUILD_CC supports "-ffp-contract=off"... yes
checking if BUILD_CXX supports "-ffp-contract=off"... yes
checking if both BUILD_CC and BUILD_CXX support "-ffp-contract=off"... yes
checking how to run strip... --strip-debug
checking for --enable-aarch64-sve... disabled, from default 'auto'
checking what type of native debug symbols to use... external
checking if we should add external native debug symbols to the shipped bundles... full (default)
checking if native coverage is available... yes
checking for --enable-native-coverage... disabled, default
checking for --with-jcov-modules... <disabled>, default
checking if AddressSanitizer (asan) is available... yes
checking for --enable-asan... disabled, default
checking for --with-additional-ubsan-checks... <disabled>, default
checking if UndefinedBehaviorSanitizer (ubsan) is available... yes
checking for --enable-ubsan... disabled, default
checking if LeakSanitizer (lsan) is available... yes
checking for --enable-lsan... disabled, default
checking if static analyzer is available... yes
checking for --enable-static-analyzer... disabled, default
checking if fallback linker enabled... disabled, default
checking if static link of stdc++ is possible... yes
checking how to link with libstdc++... static
checking for ALSA... yes
checking for which libjpeg to use... bundled
checking for which giflib to use... bundled
checking for PNG... yes
checking for which libpng to use... bundled
checking for compress in -lz... yes
checking for which zlib to use... system
checking for system zlib functionality... ok
checking for which lcms to use... bundled
checking for which harfbuzz to use... bundled
checking for cups headers... yes
checking for fontconfig headers... yes
Using freetype: bundled
checking for --enable-hsdis-bundling... disabled, default
checking what hsdis backend to use... 'none', hsdis will not be built
checking if hsdis should be bundled... no
checking for --enable-libffi-bundling... disabled, default
checking for cos in -lm... yes
checking for dlopen in -ldl... yes
configure: error: It is not possible to disable the use of X11. Remove the --without-x option.
configure: Configuration created at Thu Mar 26 12:25:16 UTC 2026.
checking for basename... /usr/bin/basename
checking for dirname... /usr/bin/dirname
checking for file... /usr/bin/file
checking for ldd... /usr/bin/ldd
checking for echo... echo [builtin]
checking for tr... /usr/bin/tr
checking for uname... /usr/bin/uname
checking for wc... /usr/bin/wc
checking for grep that handles long lines and -e... /usr/bin/grep
checking for egrep... /usr/bin/grep -E
checking for a sed that does not truncate output... /usr/bin/sed
checking for locale... /usr/bin/locale
checking for cygpath... [not found]
checking for wslpath... [not found]
checking for cmd.exe... [not found]
checking for lsb_release... /usr/bin/lsb_release
checking build system type... x86_64-pc-linux-gnu
checking host system type... x86_64-pc-linux-gnu
checking target system type... x86_64-pc-linux-gnu
checking openjdk-build os-cpu... linux-x86_64
checking openjdk-build C library... gnu
checking openjdk-target os-cpu... linux-x86_64
checking openjdk-target C library... gnu
checking compilation type... native
checking for top-level directory... /home/runner/work/jdk/jdk
checking for bash... /usr/bin/bash
checking for cat... /usr/bin/cat
checking for chmod... /usr/bin/chmod
checking for cp... /usr/bin/cp
checking for cut... /usr/bin/cut
checking for date... /usr/bin/date
checking for gdiff... [not found]
checking for diff... /usr/bin/diff
checking for expr... /usr/bin/expr
checking for find... /usr/bin/find
checking for gunzip... /usr/bin/gunzip
checking for pigz... /usr/bin/pigz
checking for head... /usr/bin/head
checking for ln... /usr/bin/ln
checking for ls... /usr/bin/ls
checking for gmkdir... [not found]
checking for mkdir... /usr/bin/mkdir
checking for mktemp... /usr/bin/mktemp
checking for mv... /usr/bin/mv
checking for gawk... /usr/bin/gawk
checking for printf... printf [builtin]
checking for rm... /usr/bin/rm
checking for rmdir... /usr/bin/rmdir
checking for sh... /usr/bin/sh
checking for sort... /usr/bin/sort
checking for tail... /usr/bin/tail
checking for gtar... [not found]
checking for tar... /usr/bin/tar
checking for tee... /usr/bin/tee
checking for touch... /usr/bin/touch
checking for xargs... /usr/bin/xargs
checking for fgrep... /usr/bin/grep -F
checking for cmake... /usr/local/bin/cmake
checking for df... /usr/bin/df
checking for git... /usr/bin/git
checking for nice... /usr/bin/nice
checking for greadlink... [not found]
checking for readlink... /usr/bin/readlink
checking for whoami... /usr/bin/whoami
checking for cmp... /usr/bin/cmp
checking for uniq... /usr/bin/uniq
configure: CI environment variable set to true
checking for build environment type... ci, default (calculated from 'auto')
checking for locale to use... C.UTF-8 (recommended)
checking if custom source is suppressed (openjdk-only)... disabled, default
checking for --enable-debug... disabled, default
checking which debug level to use... fastdebug
checking which variants of the JVM to build... server
checking if absolute paths should be allowed in the build output... yes, debug build
checking for toolchain path... 
checking for sysroot... 
checking for extra path... 
checking where to store configuration... in default location
checking what configuration name to use... linux-x86_64-server-fastdebug
checking for zypper... [not found]
checking for apt-get... /usr/bin/apt-get
checking for pandoc... [not found]
checking for gmake... /usr/bin/gmake
configure: Testing potential make at /usr/bin/gmake, found using gmake in PATH
configure: Using GNU make at /usr/bin/gmake (version: GNU Make 4.3)
checking if make --output-sync is supported... yes
checking for make --output-sync value... none, default
checking if find supports -delete... yes
checking what type of tar was found... gnu
checking that grep (/usr/bin/grep) -Fx handles empty lines in the pattern list correctly... yes
checking for unzip... /usr/bin/unzip
checking for zip... /usr/bin/zip
checking for greadelf... [not found]
checking for readelf... /usr/bin/readelf
checking for dot... [not found]
checking for stat... /usr/bin/stat
checking for time... time [builtin]
checking for flock... /usr/bin/flock
checking for dtrace... [not found]
checking for gpatch... [not found]
checking for patch... /usr/bin/patch
checking if date is a GNU compatible version... yes
checking for ulimit... ulimit [builtin]
checking bash version... 5.2.21
checking if bash supports pipefail... yes
checking if bash supports errexit (-e)... yes
checking for pkg-config... /usr/bin/pkg-config
checking pkg-config is at least version 0.9.0... yes
checking for default LOG value... 
checking for JMOD compression type... zip-1, default
checking whether or not a JDK suitable for linking from the run-time image should be produced... disabled, default
checking if packaged modules are kept... enabled, default
checking for --with-extra-jlink-flags... <disabled>, default
checking for --with-build-user... runner, default
checking for --with-jdk-rc-name... OpenJDK Platform, default
checking for --with-vendor-name... N/A, default
checking for --with-jdk-rc-company-name... N/A, default
checking for --with-vendor-url... https://openjdk.org/, default
checking for --with-vendor-bug-url... https://bugreport.java.com/bugreport/, default
checking for --with-vendor-vm-bug-url... https://bugreport.java.com/bugreport/crash.jsp, default
checking for --with-version-string... <none>, default
checking for --with-version-feature... 27, default
checking for --with-version-date... 2026-09-15, default
checking for --with-vendor-version-string... <disabled>, default
checking for --with-macosx-bundle-name-base... OpenJDK, default
checking for --with-macosx-bundle-id-base... net.java.openjdk-internal, default
checking for --with-macosx-bundle-build-version... 0, default
checking for version string... 27-internal-adhoc.runner.jdk
configure: Found potential Boot JDK using JAVA_HOME
configure: Potential Boot JDK found at /usr/lib/jvm/temurin-17-jdk-amd64 is incorrect JDK version (openjdk version "17.0.18" 2026-01-20 OpenJDK Runtime Environment Temurin-17.0.18+8 (build 17.0.18+8) OpenJDK 64-Bit Server VM Temurin-17.0.18+8 (build 17.0.18+8, mixed mode, sharing)); ignoring
configure: (Your Boot JDK version must be one of: 25 26 27)
checking for javac... /usr/bin/javac
checking for java... /usr/bin/java
configure: Found potential Boot JDK using java(c) in PATH
configure: Potential Boot JDK found at /usr/lib/jvm/temurin-17-jdk-amd64 is incorrect JDK version (openjdk version "17.0.18" 2026-01-20 OpenJDK Runtime Environment Temurin-17.0.18+8 (build 17.0.18+8) OpenJDK 64-Bit Server VM Temurin-17.0.18+8 (build 17.0.18+8, mixed mode, sharing)); ignoring
configure: (Your Boot JDK version must be one of: 25 26 27)
configure: Found potential Boot JDK using well-known locations (in /usr/lib/jvm/temurin-8-jdk-amd64)
configure: Potential Boot JDK found at /usr/lib/jvm/temurin-8-jdk-amd64 is incorrect JDK version (openjdk version "1.8.0_482" OpenJDK Runtime Environment (Temurin)(build 1.8.0_482-b08) OpenJDK 64-Bit Server VM (Temurin)(build 25.482-b08, mixed mode)); ignoring
configure: (Your Boot JDK version must be one of: 25 26 27)
configure: Found potential Boot JDK using well-known locations (in /usr/lib/jvm/temurin-25-jdk-amd64)
checking for Boot JDK... /usr/lib/jvm/temurin-25-jdk-amd64
checking Boot JDK version... openjdk version "25.0.2" 2026-01-20 LTS OpenJDK Runtime Environment Temurin-25.0.2+10 (build 25.0.2+10-LTS) OpenJDK 64-Bit Server VM Temurin-25.0.2+10 (build 25.0.2+10-LTS, mixed mode, sharing)
checking for java [Boot JDK]... $BOOT_JDK/bin/java
checking for javac [Boot JDK]... $BOOT_JDK/bin/javac
checking for javadoc [Boot JDK]... $BOOT_JDK/bin/javadoc
checking for jar [Boot JDK]... $BOOT_JDK/bin/jar
checking if Boot JDK jar supports --date=TIMESTAMP... true
checking if Boot JDK is 32 or 64 bits... 64
checking for docs-reference JDK... no, using interim javadoc for the docs-reference targets
checking what source date to use... 1774527917, from 'current' (default)
checking if we should build headless-only (no GUI)... disabled, default
checking if linker should clean out unused code (linktime-gc)... disabled, default
checking for graphviz dot... no, cannot generate full docs or man pages
checking for pandoc... no, cannot generate full docs or man pages
checking for --enable-full-docs... disabled, from default 'auto'
checking for cacerts file... default
checking for cacerts source... default
checking for --enable-unlimited-crypto... enabled, default
checking for jni library path... default
configure: Using default toolchain gcc (GNU Compiler Collection)
checking for gcc... /usr/bin/gcc
checking resolved symbolic links for CC... /usr/bin/x86_64-linux-gnu-gcc-13
configure: Using gcc C compiler version 13.3.0 [gcc (Ubuntu 13.3.0-6ubuntu2~24.04.1) 13.3.0]
checking whether the C compiler works... yes
checking for C compiler default output file name... a.out
checking for suffix of executables... 
checking whether we are cross compiling... no
checking for suffix of object files... o
checking whether /usr/bin/gcc accepts -g... yes
checking for g++... /usr/bin/g++
checking resolved symbolic links for CXX... /usr/bin/x86_64-linux-gnu-g++-13
configure: Using gcc C++ compiler version 13.3.0 [g++ (Ubuntu 13.3.0-6ubuntu2~24.04.1) 13.3.0]
checking whether /usr/bin/g++ accepts -g... yes
checking how to run the C preprocessor... /usr/bin/gcc -E
checking how to run the C++ preprocessor... /usr/bin/g++ -E
configure: Using gcc linker version 2.42 [GNU ld (GNU Binutils for Ubuntu) 2.42]
configure: comparing linker version to minimum version 2.25
checking for ar... /usr/bin/ar
checking for strip... /usr/bin/strip
checking for nm... /usr/bin/nm
checking for gobjcopy... [not found]
checking for objcopy... /usr/bin/objcopy
checking for gobjdump... [not found]
checking for objdump... /usr/bin/objdump
checking for c++filt... /usr/bin/c++filt
checking for jtreg... [not found]
checking for jtreg test harness... no, not found
checking for jtreg jdk... no, using BOOT_JDK
checking for jmh (Java Microbenchmark Harness)... no, disabled
checking for jib... no
checking for tidy... [not found]
checking for stdio.h... yes
checking for stdlib.h... yes
checking for string.h... yes
checking for inttypes.h... yes
checking for stdint.h... yes
checking for strings.h... yes
checking for sys/stat.h... yes
checking for sys/types.h... yes
checking for unistd.h... yes
checking for stdio.h... (cached) yes
checking size of int *... 8
checking for target address size... 64 bits
checking whether byte ordering is bigendian... no
checking for --enable-branch-protection... disabled, default
checking for --with-native-debug-symbols-level... <none>, default (calculated from 'auto')
checking for --enable-warnings-as-errors... disabled, from command line
checking if CC supports "-ftrivial-auto-var-init=pattern"... yes
checking if CXX supports "-ftrivial-auto-var-init=pattern"... yes
checking if both CC and CXX support "-ftrivial-auto-var-init=pattern"... yes
checking if TARGET is x86... no
checking if CC supports "-ffp-contract=off"... yes
checking if CXX supports "-ffp-contract=off"... yes
checking if both CC and CXX support "-ffp-contract=off"... yes
checking if BUILD is x86... no
checking if BUILD_CC supports "-ffp-contract=off"... yes
checking if BUILD_CXX supports "-ffp-contract=off"... yes
checking if both BUILD_CC and BUILD_CXX support "-ffp-contract=off"... yes
checking how to run strip... --strip-debug
checking for --enable-aarch64-sve... disabled, from default 'auto'
checking what type of native debug symbols to use... external
checking if we should add external native debug symbols to the shipped bundles... full (default)
checking if native coverage is available... yes
checking for --enable-native-coverage... disabled, default
checking for --with-jcov-modules... <disabled>, default
checking if AddressSanitizer (asan) is available... yes
checking for --enable-asan... disabled, default
checking for --with-additional-ubsan-checks... <disabled>, default
checking if UndefinedBehaviorSanitizer (ubsan) is available... yes
checking for --enable-ubsan... disabled, default
checking if LeakSanitizer (lsan) is available... yes
checking for --enable-lsan... disabled, default
checking if static analyzer is available... yes
checking for --enable-static-analyzer... disabled, default
checking if fallback linker enabled... disabled, default
checking if static link of stdc++ is possible... yes
checking how to link with libstdc++... static
checking for ALSA... yes
checking for which libjpeg to use... bundled
checking for which giflib to use... bundled
checking for PNG... yes
checking for which libpng to use... bundled
checking for compress in -lz... yes
checking for which zlib to use... system
checking for system zlib functionality... ok
checking for which lcms to use... bundled
checking for which harfbuzz to use... bundled
checking for cups headers... yes
checking for fontconfig headers... yes
Using freetype: bundled
checking for --enable-hsdis-bundling... disabled, default
checking what hsdis backend to use... 'none', hsdis will not be built
checking if hsdis should be bundled... no
checking for --enable-libffi-bundling... disabled, default
checking for cos in -lm... yes
checking for dlopen in -ldl... yes
checking for X... no
configure: error: Could not find X11 libraries. You might be able to fix this by running 'sudo apt-get install libx11-dev libxext-dev libxrender-dev libxrandr-dev libxtst-dev libxt-dev'.
